-- =========================================
-- TMS-SEP490-BE: COMPREHENSIVE SEED DATA
-- =========================================
-- Purpose: Seed data for testing all main flows
-- Coverage:
--   - 1 Branch with full staff roles
--   - 3 Courses (IELTS Foundation/Intermediate/Advanced)
--   - 9 Classes (3 per course, mixed online/offline, varied capacity)
--   - 8 Teachers with different availability
--   - 55 Students with realistic distribution
--   - 240+ Sessions with mixed status
--   - Assessments, Scores, Feedback
--   - Teacher & Student Requests
-- =========================================

-- ========== TIER 1: INDEPENDENT TABLES ==========

-- Center
INSERT INTO center (id, code, name, description, phone, email, address, created_at, updated_at) VALUES
(1, 'TMS-EDU', 'TMS Education Center', 'Leading language education center in Vietnam', '+84-24-3999-8888', 'info@tms-edu.vn', '123 Nguyen Trai, Thanh Xuan, Ha Noi', '2024-01-01 08:00:00+07', '2024-01-01 08:00:00+07');

INSERT INTO role (id, code, name) VALUES
(1, 'ADMIN', 'System Administrator'),
(2, 'CENTER_HEAD', 'Center Head'),
(3, 'MANAGER', 'Manager'),
(4, 'ACADEMIC_STAFF', 'Academic Staff'),
(5, 'TEACHER', 'Teacher'),
(6, 'STUDENT', 'Student'),
(7, 'QA', 'Quality Assurance'),
(8, 'SUBJECT_LEADER', 'Subject Leader');

-- User Accounts (Staff + Teachers)
INSERT INTO user_account (id, email, phone, facebook_url, full_name, gender, dob, address, password_hash, status, last_login_at, created_at, updated_at) VALUES
-- Staff
(1, 'admin@tms-edu.vn', '+84-912-000-001', NULL, 'Nguyen Van Admin', 'Male', '1980-01-15', 'Ha Noi', '$2a$10$dummyhash001', 'active', '2025-01-29 08:00:00+07', '2024-01-01 08:00:00+07', '2025-01-29 08:00:00+07'),
(2, 'head.hn01@tms-edu.vn', '+84-912-000-002', NULL, 'Tran Thi Lan', 'Female', '1975-03-20', 'Ha Noi', '$2a$10$dummyhash002', 'active', '2025-01-29 07:30:00+07', '2024-01-01 08:00:00+07', '2025-01-29 07:30:00+07'),
(3, 'manager.academic@tms-edu.vn', '+84-912-000-003', NULL, 'Le Van Minh', 'Male', '1982-07-10', 'Ha Noi', '$2a$10$dummyhash003', 'active', '2025-01-29 08:15:00+07', '2024-01-01 08:00:00+07', '2025-01-29 08:15:00+07'),
(4, 'staff.huong@tms-edu.vn', '+84-912-000-004', NULL, 'Pham Thi Huong', 'Female', '1988-11-05', 'Ha Noi', '$2a$10$dummyhash004', 'active', '2025-01-28 16:00:00+07', '2024-01-01 08:00:00+07', '2025-01-28 16:00:00+07'),
(5, 'staff.duc@tms-edu.vn', '+84-912-000-005', NULL, 'Hoang Van Duc', 'Male', '1990-05-18', 'Ha Noi', '$2a$10$dummyhash005', 'active', '2025-01-29 09:00:00+07', '2024-01-01 08:00:00+07', '2025-01-29 09:00:00+07'),
(6, 'qa.linh@tms-edu.vn', '+84-912-000-006', NULL, 'Vu Thi Linh', 'Female', '1985-09-25', 'Ha Noi', '$2a$10$dummyhash006', 'active', '2025-01-28 14:00:00+07', '2024-01-01 08:00:00+07', '2025-01-28 14:00:00+07'),
(7, 'leader.nam@tms-edu.vn', '+84-912-000-007', NULL, 'Bui Van Nam', 'Male', '1992-12-30', 'Ha Noi', '$2a$10$dummyhash007', 'active', '2025-01-29 10:00:00+07', '2024-01-01 08:00:00+07', '2025-01-29 10:00:00+07'),

-- Teachers
(8, 'john.smith@tms-edu.vn', '+84-912-001-001', NULL, 'John Smith', 'Male', '1985-04-12', 'Ha Noi', '$2a$10$dummyhash008', 'active', '2025-01-29 07:45:00+07', '2024-02-01 08:00:00+07', '2025-01-29 07:45:00+07'),
(9, 'emma.wilson@tms-edu.vn', '+84-912-001-002', NULL, 'Emma Wilson', 'Female', '1987-08-22', 'Ha Noi', '$2a$10$dummyhash009', 'active', '2025-01-28 18:30:00+07', '2024-02-01 08:00:00+07', '2025-01-28 18:30:00+07'),
(10, 'david.lee@tms-edu.vn', '+84-912-001-003', NULL, 'David Lee', 'Male', '1983-12-05', 'Ha Noi', '$2a$10$dummyhash010', 'active', '2025-01-29 08:00:00+07', '2024-02-01 08:00:00+07', '2025-01-29 08:00:00+07'),
(11, 'sarah.johnson@tms-edu.vn', '+84-912-001-004', NULL, 'Sarah Johnson', 'Female', '1990-06-14', 'Ha Noi', '$2a$10$dummyhash011', 'active', '2025-01-29 07:30:00+07', '2024-02-01 08:00:00+07', '2025-01-29 07:30:00+07'),
(12, 'michael.brown@tms-edu.vn', '+84-912-001-005', NULL, 'Michael Brown', 'Male', '1986-02-28', 'Ha Noi', '$2a$10$dummyhash012', 'active', '2025-01-28 20:00:00+07', '2024-02-01 08:00:00+07', '2025-01-28 20:00:00+07'),
(13, 'lisa.chen@tms-edu.vn', '+84-912-001-006', NULL, 'Lisa Chen', 'Female', '1988-10-17', 'Ha Noi', '$2a$10$dummyhash013', 'active', '2025-01-28 17:00:00+07', '2024-02-01 08:00:00+07', '2025-01-28 17:00:00+07'),
(14, 'james.taylor@tms-edu.vn', '+84-912-001-007', NULL, 'James Taylor', 'Male', '1984-03-09', 'Ha Noi', '$2a$10$dummyhash014', 'active', '2025-01-29 09:30:00+07', '2024-02-01 08:00:00+07', '2025-01-29 09:30:00+07'),
(15, 'anna.martinez@tms-edu.vn', '+84-912-001-008', NULL, 'Anna Martinez', 'Female', '1989-07-21', 'Ha Noi', '$2a$10$dummyhash015', 'active', '2025-01-28 19:00:00+07', '2024-02-01 08:00:00+07', '2025-01-28 19:00:00+07');

-- Students (55 students)
-- NOTE: Continuing with student IDs from 100 to avoid conflicts
INSERT INTO user_account (id, email, phone, full_name, gender, dob, address, password_hash, status, created_at, updated_at) VALUES
-- Foundation students (23 total needed for 3 classes)
(100, 'student.f001@gmail.com', '+84-900-001-001', 'Nguyen Van An', 'Male', '2005-01-10', 'Ha Noi', '$2a$10$studenthash', 'active', '2024-10-15 10:00:00+07', '2024-10-15 10:00:00+07'),
(101, 'student.f002@gmail.com', '+84-900-001-002', 'Tran Thi Binh', 'Female', '2004-03-22', 'Ha Noi', '$2a$10$studenthash', 'active', '2024-10-15 10:05:00+07', '2024-10-15 10:05:00+07'),
(102, 'student.f003@gmail.com', '+84-900-001-003', 'Le Van Cuong', 'Male', '2005-07-15', 'Ha Noi', '$2a$10$studenthash', 'active', '2024-10-15 10:10:00+07', '2024-10-15 10:10:00+07'),
(103, 'student.f004@gmail.com', '+84-900-001-004', 'Pham Thi Dung', 'Female', '2004-11-08', 'Ha Noi', '$2a$10$studenthash', 'active', '2024-10-15 10:15:00+07', '2024-10-15 10:15:00+07'),
(104, 'student.f005@gmail.com', '+84-900-001-005', 'Hoang Van Duong', 'Male', '2005-02-28', 'Ha Noi', '$2a$10$studenthash', 'active', '2024-10-15 10:20:00+07', '2024-10-15 10:20:00+07'),
(105, 'student.f006@gmail.com', '+84-900-001-006', 'Vu Thi Ha', 'Female', '2004-06-12', 'Ha Noi', '$2a$10$studenthash', 'active', '2024-10-15 10:25:00+07', '2024-10-15 10:25:00+07'),
(106, 'student.f007@gmail.com', '+84-900-001-007', 'Bui Van Hieu', 'Male', '2005-09-19', 'Ha Noi', '$2a$10$studenthash', 'active', '2024-10-15 10:30:00+07', '2024-10-15 10:30:00+07'),
(107, 'student.f008@gmail.com', '+84-900-001-008', 'Dao Thi Huyen', 'Female', '2004-12-25', 'Ha Noi', '$2a$10$studenthash', 'active', '2024-10-15 10:35:00+07', '2024-10-15 10:35:00+07'),
(108, 'student.f009@gmail.com', '+84-900-001-009', 'Nguyen Van Kien', 'Male', '2005-04-07', 'Ha Noi', '$2a$10$studenthash', 'active', '2024-10-15 10:40:00+07', '2024-10-15 10:40:00+07'),
(109, 'student.f010@gmail.com', '+84-900-001-010', 'Tran Thi Lan', 'Female', '2004-08-14', 'Ha Noi', '$2a$10$studenthash', 'active', '2024-10-15 10:45:00+07', '2024-10-15 10:45:00+07'),
(110, 'student.f011@gmail.com', '+84-900-001-011', 'Le Van Long', 'Male', '2005-10-30', 'Ha Noi', '$2a$10$studenthash', 'active', '2024-10-15 10:50:00+07', '2024-10-15 10:50:00+07'),
(111, 'student.f012@gmail.com', '+84-900-001-012', 'Pham Thi Mai', 'Female', '2004-01-18', 'Ha Noi', '$2a$10$studenthash', 'active', '2024-10-15 10:55:00+07', '2024-10-15 10:55:00+07'),
(112, 'student.f013@gmail.com', '+84-900-001-013', 'Hoang Van Nam', 'Male', '2005-05-26', 'Ha Noi', '$2a$10$studenthash', 'active', '2024-10-15 11:00:00+07', '2024-10-15 11:00:00+07'),
(113, 'student.f014@gmail.com', '+84-900-001-014', 'Vu Thi Nga', 'Female', '2004-09-03', 'Ha Noi', '$2a$10$studenthash', 'active', '2024-10-15 11:05:00+07', '2024-10-15 11:05:00+07'),
(114, 'student.f015@gmail.com', '+84-900-001-015', 'Bui Van Phong', 'Male', '2005-11-11', 'Ha Noi', '$2a$10$studenthash', 'active', '2024-10-15 11:10:00+07', '2024-10-15 11:10:00+07'),
(115, 'student.f016@gmail.com', '+84-900-001-016', 'Dao Thi Quynh', 'Female', '2004-02-20', 'Ha Noi', '$2a$10$studenthash', 'active', '2024-10-15 11:15:00+07', '2024-10-15 11:15:00+07'),
(116, 'student.f017@gmail.com', '+84-900-001-017', 'Nguyen Van Son', 'Male', '2005-06-08', 'Ha Noi', '$2a$10$studenthash', 'active', '2024-10-15 11:20:00+07', '2024-10-15 11:20:00+07'),
(117, 'student.f018@gmail.com', '+84-900-001-018', 'Tran Thi Thu', 'Female', '2004-10-16', 'Ha Noi', '$2a$10$studenthash', 'active', '2024-10-15 11:25:00+07', '2024-10-15 11:25:00+07'),
(118, 'student.f019@gmail.com', '+84-900-001-019', 'Le Van Tuan', 'Male', '2005-12-24', 'Ha Noi', '$2a$10$studenthash', 'active', '2024-10-15 11:30:00+07', '2024-10-15 11:30:00+07'),
(119, 'student.f020@gmail.com', '+84-900-001-020', 'Pham Thi Uyen', 'Female', '2004-04-02', 'Ha Noi', '$2a$10$studenthash', 'active', '2024-10-15 11:35:00+07', '2024-10-15 11:35:00+07'),
(120, 'student.f021@gmail.com', '+84-900-001-021', 'Hoang Van Vinh', 'Male', '2005-08-10', 'Ha Noi', '$2a$10$studenthash', 'active', '2024-10-15 11:40:00+07', '2024-10-15 11:40:00+07'),
(121, 'student.f022@gmail.com', '+84-900-001-022', 'Vu Thi Xuan', 'Female', '2004-11-28', 'Ha Noi', '$2a$10$studenthash', 'active', '2024-10-15 11:45:00+07', '2024-10-15 11:45:00+07'),
(122, 'student.f023@gmail.com', '+84-900-001-023', 'Bui Van Yen', 'Male', '2005-03-06', 'Ha Noi', '$2a$10$studenthash', 'active', '2024-10-15 11:50:00+07', '2024-10-15 11:50:00+07'),

-- Intermediate students (20 total)
(123, 'student.i001@gmail.com', '+84-900-002-001', 'Nguyen Thi Anh', 'Female', '2003-01-05', 'Ha Noi', '$2a$10$studenthash', 'active', '2024-09-15 10:00:00+07', '2024-09-15 10:00:00+07'),
(124, 'student.i002@gmail.com', '+84-900-002-002', 'Tran Van Bao', 'Male', '2002-05-13', 'Ha Noi', '$2a$10$studenthash', 'active', '2024-09-15 10:05:00+07', '2024-09-15 10:05:00+07'),
(125, 'student.i003@gmail.com', '+84-900-002-003', 'Le Thi Chinh', 'Female', '2003-09-21', 'Ha Noi', '$2a$10$studenthash', 'active', '2024-09-15 10:10:00+07', '2024-09-15 10:10:00+07'),
(126, 'student.i004@gmail.com', '+84-900-002-004', 'Pham Van Duy', 'Male', '2002-12-29', 'Ha Noi', '$2a$10$studenthash', 'active', '2024-09-15 10:15:00+07', '2024-09-15 10:15:00+07'),
(127, 'student.i005@gmail.com', '+84-900-002-005', 'Hoang Thi Giang', 'Female', '2003-04-17', 'Ha Noi', '$2a$10$studenthash', 'active', '2024-09-15 10:20:00+07', '2024-09-15 10:20:00+07'),
(128, 'student.i006@gmail.com', '+84-900-002-006', 'Vu Van Hung', 'Male', '2002-08-25', 'Ha Noi', '$2a$10$studenthash', 'active', '2024-09-15 10:25:00+07', '2024-09-15 10:25:00+07'),
(129, 'student.i007@gmail.com', '+84-900-002-007', 'Bui Thi Khoa', 'Female', '2003-11-02', 'Ha Noi', '$2a$10$studenthash', 'active', '2024-09-15 10:30:00+07', '2024-09-15 10:30:00+07'),
(130, 'student.i008@gmail.com', '+84-900-002-008', 'Dao Van Linh', 'Male', '2002-02-10', 'Ha Noi', '$2a$10$studenthash', 'active', '2024-09-15 10:35:00+07', '2024-09-15 10:35:00+07'),
(131, 'student.i009@gmail.com', '+84-900-002-009', 'Nguyen Thi Minh', 'Female', '2003-06-18', 'Ha Noi', '$2a$10$studenthash', 'active', '2024-09-15 10:40:00+07', '2024-09-15 10:40:00+07'),
(132, 'student.i010@gmail.com', '+84-900-002-010', 'Tran Van Nghia', 'Male', '2002-10-26', 'Ha Noi', '$2a$10$studenthash', 'active', '2024-09-15 10:45:00+07', '2024-09-15 10:45:00+07'),
(133, 'student.i011@gmail.com', '+84-900-002-011', 'Le Thi Oanh', 'Female', '2003-01-04', 'Ha Noi', '$2a$10$studenthash', 'active', '2024-09-15 10:50:00+07', '2024-09-15 10:50:00+07'),
(134, 'student.i012@gmail.com', '+84-900-002-012', 'Pham Van Phuc', 'Male', '2002-05-12', 'Ha Noi', '$2a$10$studenthash', 'active', '2024-09-15 10:55:00+07', '2024-09-15 10:55:00+07'),
(135, 'student.i013@gmail.com', '+84-900-002-013', 'Hoang Thi Quy', 'Female', '2003-09-20', 'Ha Noi', '$2a$10$studenthash', 'active', '2024-09-15 11:00:00+07', '2024-09-15 11:00:00+07'),
(136, 'student.i014@gmail.com', '+84-900-002-014', 'Vu Van Tai', 'Male', '2002-12-28', 'Ha Noi', '$2a$10$studenthash', 'active', '2024-09-15 11:05:00+07', '2024-09-15 11:05:00+07'),
(137, 'student.i015@gmail.com', '+84-900-002-015', 'Bui Thi Van', 'Female', '2003-04-16', 'Ha Noi', '$2a$10$studenthash', 'active', '2024-09-15 11:10:00+07', '2024-09-15 11:10:00+07'),
(138, 'student.i016@gmail.com', '+84-900-002-016', 'Dao Van Tien', 'Male', '2002-08-24', 'Ha Noi', '$2a$10$studenthash', 'active', '2024-09-15 11:15:00+07', '2024-09-15 11:15:00+07'),
(139, 'student.i017@gmail.com', '+84-900-002-017', 'Nguyen Thi Yen', 'Female', '2003-11-01', 'Ha Noi', '$2a$10$studenthash', 'active', '2024-09-15 11:20:00+07', '2024-09-15 11:20:00+07'),
(140, 'student.i018@gmail.com', '+84-900-002-018', 'Tran Van Huy', 'Male', '2002-02-09', 'Ha Noi', '$2a$10$studenthash', 'active', '2024-09-15 11:25:00+07', '2024-09-15 11:25:00+07'),
(141, 'student.i019@gmail.com', '+84-900-002-019', 'Le Thi Thao', 'Female', '2003-06-17', 'Ha Noi', '$2a$10$studenthash', 'active', '2024-09-15 11:30:00+07', '2024-09-15 11:30:00+07'),
(142, 'student.i020@gmail.com', '+84-900-002-020', 'Pham Van Dat', 'Male', '2002-10-25', 'Ha Noi', '$2a$10$studenthash', 'active', '2024-09-15 11:35:00+07', '2024-09-15 11:35:00+07'),

-- Advanced students (20 total)
(143, 'student.a001@gmail.com', '+84-900-003-001', 'Nguyen Van Hoang', 'Male', '2001-01-15', 'Ha Noi', '$2a$10$studenthash', 'active', '2024-08-15 10:00:00+07', '2024-08-15 10:00:00+07'),
(144, 'student.a002@gmail.com', '+84-900-003-002', 'Tran Thi Lan Anh', 'Female', '2000-05-23', 'Ha Noi', '$2a$10$studenthash', 'active', '2024-08-15 10:05:00+07', '2024-08-15 10:05:00+07'),
(145, 'student.a003@gmail.com', '+84-900-003-003', 'Le Van Truong', 'Male', '2001-09-01', 'Ha Noi', '$2a$10$studenthash', 'active', '2024-08-15 10:10:00+07', '2024-08-15 10:10:00+07'),
(146, 'student.a004@gmail.com', '+84-900-003-004', 'Pham Thi Hong', 'Female', '2000-12-09', 'Ha Noi', '$2a$10$studenthash', 'active', '2024-08-15 10:15:00+07', '2024-08-15 10:15:00+07'),
(147, 'student.a005@gmail.com', '+84-900-003-005', 'Hoang Van Manh', 'Male', '2001-04-27', 'Ha Noi', '$2a$10$studenthash', 'active', '2024-08-15 10:20:00+07', '2024-08-15 10:20:00+07'),
(148, 'student.a006@gmail.com', '+84-900-003-006', 'Vu Thi Thanh', 'Female', '2000-08-05', 'Ha Noi', '$2a$10$studenthash', 'active', '2024-08-15 10:25:00+07', '2024-08-15 10:25:00+07'),
(149, 'student.a007@gmail.com', '+84-900-003-007', 'Bui Van Quang', 'Male', '2001-11-13', 'Ha Noi', '$2a$10$studenthash', 'active', '2024-08-15 10:30:00+07', '2024-08-15 10:30:00+07'),
(150, 'student.a008@gmail.com', '+84-900-003-008', 'Dao Thi Phuong', 'Female', '2000-02-21', 'Ha Noi', '$2a$10$studenthash', 'active', '2024-08-15 10:35:00+07', '2024-08-15 10:35:00+07'),
(151, 'student.a009@gmail.com', '+84-900-003-009', 'Nguyen Van Tung', 'Male', '2001-06-29', 'Ha Noi', '$2a$10$studenthash', 'active', '2024-08-15 10:40:00+07', '2024-08-15 10:40:00+07'),
(152, 'student.a010@gmail.com', '+84-900-003-010', 'Tran Thi Nhung', 'Female', '2000-10-07', 'Ha Noi', '$2a$10$studenthash', 'active', '2024-08-15 10:45:00+07', '2024-08-15 10:45:00+07'),
(153, 'student.a011@gmail.com', '+84-900-003-011', 'Le Van Khanh', 'Male', '2001-01-14', 'Ha Noi', '$2a$10$studenthash', 'active', '2024-08-15 10:50:00+07', '2024-08-15 10:50:00+07'),
(154, 'student.a012@gmail.com', '+84-900-003-012', 'Pham Thi Ly', 'Female', '2000-05-22', 'Ha Noi', '$2a$10$studenthash', 'active', '2024-08-15 10:55:00+07', '2024-08-15 10:55:00+07'),
(155, 'student.a013@gmail.com', '+84-900-003-013', 'Hoang Van Dung', 'Male', '2001-09-30', 'Ha Noi', '$2a$10$studenthash', 'active', '2024-08-15 11:00:00+07', '2024-08-15 11:00:00+07'),
(156, 'student.a014@gmail.com', '+84-900-003-014', 'Vu Thi Hoa', 'Female', '2000-12-08', 'Ha Noi', '$2a$10$studenthash', 'active', '2024-08-15 11:05:00+07', '2024-08-15 11:05:00+07'),
(157, 'student.a015@gmail.com', '+84-900-003-015', 'Bui Van Thang', 'Male', '2001-04-26', 'Ha Noi', '$2a$10$studenthash', 'active', '2024-08-15 11:10:00+07', '2024-08-15 11:10:00+07'),
(158, 'student.a016@gmail.com', '+84-900-003-016', 'Dao Thi Nga', 'Female', '2000-08-04', 'Ha Noi', '$2a$10$studenthash', 'active', '2024-08-15 11:15:00+07', '2024-08-15 11:15:00+07'),
(159, 'student.a017@gmail.com', '+84-900-003-017', 'Nguyen Van Hieu', 'Male', '2001-11-12', 'Ha Noi', '$2a$10$studenthash', 'active', '2024-08-15 11:20:00+07', '2024-08-15 11:20:00+07'),
(160, 'student.a018@gmail.com', '+84-900-003-018', 'Tran Thi Diem', 'Female', '2000-02-20', 'Ha Noi', '$2a$10$studenthash', 'active', '2024-08-15 11:25:00+07', '2024-08-15 11:25:00+07'),
(161, 'student.a019@gmail.com', '+84-900-003-019', 'Le Van Hung', 'Male', '2001-06-28', 'Ha Noi', '$2a$10$studenthash', 'active', '2024-08-15 11:30:00+07', '2024-08-15 11:30:00+07'),
(162, 'student.a020@gmail.com', '+84-900-003-020', 'Pham Thi Thuy', 'Female', '2000-10-06', 'Ha Noi', '$2a$10$studenthash', 'active', '2024-08-15 11:35:00+07', '2024-08-15 11:35:00+07');

-- Update sequences
SELECT setval('user_account_id_seq', 200, true);
SELECT setval('center_id_seq', 10, true);
SELECT setval('role_id_seq', 10, true);

-- ========== TIER 2: DEPENDENT ON TIER 1 ==========

-- Branch
INSERT INTO branch (id, center_id, code, name, address, phone, email, district, city, status, opening_date, created_at, updated_at) VALUES
(1, 1, 'HN01', 'TMS Ha Noi Branch 01', '456 Lang Ha, Dong Da, Ha Noi', '+84-24-3888-9999', 'hanoi01@tms-edu.vn', 'Dong Da', 'Ha Noi', 'active', '2024-01-15', '2024-01-10 09:00:00+07', '2024-01-10 09:00:00+07');

-- Subject
INSERT INTO subject (id, code, name, description, status, created_by, created_at, updated_at) VALUES
(1, 'IELTS', 'International English Language Testing System', 'Comprehensive IELTS preparation courses covering all skill levels from Foundation to Advanced', 'active', 3, '2024-01-15 10:00:00+07', '2024-01-15 10:00:00+07');

-- Time Slot Templates
INSERT INTO time_slot_template (id, branch_id, name, start_time, end_time, created_at, updated_at) VALUES
(1, 1, 'Morning Slot 1', '08:00:00', '11:30:00', '2024-01-15 08:00:00+07', '2024-01-15 08:00:00+07'),
(2, 1, 'Morning Slot 2', '10:15:00', '13:45:00', '2024-01-15 08:00:00+07', '2024-01-15 08:00:00+07'),
(3, 1, 'Afternoon Slot 1', '13:30:00', '17:00:00', '2024-01-15 08:00:00+07', '2024-01-15 08:00:00+07'),
(4, 1, 'Afternoon Slot 2', '15:45:00', '19:15:00', '2024-01-15 08:00:00+07', '2024-01-15 08:00:00+07'),
(5, 1, 'Evening Slot 1', '18:00:00', '21:30:00', '2024-01-15 08:00:00+07', '2024-01-15 08:00:00+07'),
(6, 1, 'Evening Slot 2', '20:15:00', '23:45:00', '2024-01-15 08:00:00+07', '2024-01-15 08:00:00+07');

-- Resources (4 offline rooms + 2 virtual rooms)
INSERT INTO resource (id, branch_id, resource_type, code, name, description, capacity, capacity_override, equipment, meeting_url, meeting_id, meeting_passcode, account_email, account_password, license_type, expiry_date, renewal_date, created_by, created_at, updated_at) VALUES
(1, 1, 'room', 'HN01-ROOM-101', 'Room 101', 'Main classroom with projector and whiteboard', 20, NULL, 'Projector, Whiteboard, Air conditioning, Sound system', NULL, NULL, NULL, NULL, NULL, NULL, NULL, NULL, 2, '2024-01-16 09:00:00+07', '2024-01-16 09:00:00+07'),
(2, 1, 'room', 'HN01-ROOM-102', 'Room 102', 'Medium classroom', 15, 18, 'Projector, Whiteboard, Air conditioning', NULL, NULL, NULL, NULL, NULL, NULL, NULL, NULL, 2, '2024-01-16 09:05:00+07', '2024-01-16 09:05:00+07'),
(3, 1, 'room', 'HN01-ROOM-201', 'Room 201', 'Large classroom on 2nd floor', 25, NULL, 'Smart TV, Whiteboard, Air conditioning, Sound system', NULL, NULL, NULL, NULL, NULL, NULL, NULL, NULL, 2, '2024-01-16 09:10:00+07', '2024-01-16 09:10:00+07'),
(4, 1, 'room', 'HN01-ROOM-202', 'Room 202', 'Comfortable classroom', 20, 22, 'Projector, Whiteboard, Air conditioning', NULL, NULL, NULL, NULL, NULL, NULL, NULL, NULL, 2, '2024-01-16 09:15:00+07', '2024-01-16 09:15:00+07'),
(5, 1, 'virtual', 'HN01-ZOOM-01', 'Zoom Room 01', 'Premium Zoom account for online classes', 100, NULL, 'Recording, Breakout rooms, Polling', 'https://zoom.us/j/1234567890', '123-456-7890', 'abc123', 'zoom01@tms-edu.vn', 'ZoomPass123!', 'premium', '2025-12-31', '2025-12-15', 2, '2024-01-16 09:20:00+07', '2024-01-16 09:20:00+07'),
(6, 1, 'virtual', 'HN01-ZOOM-02', 'Zoom Room 02', 'Premium Zoom account for online classes', 100, NULL, 'Recording, Breakout rooms, Polling', 'https://zoom.us/j/0987654321', '098-765-4321', 'xyz789', 'zoom02@tms-edu.vn', 'ZoomPass456!', 'premium', '2025-12-31', '2025-12-15', 2, '2024-01-16 09:25:00+07', '2024-01-16 09:25:00+07');

-- User Roles
INSERT INTO user_role (user_id, role_id) VALUES
-- Admin
(1, 1),
-- Center Head
(2, 2),
-- Manager
(3, 3),
-- Academic Staff
(4, 4),
(5, 4),
-- QA
(6, 7),
-- Subject Leader
(7, 8),
-- Teachers
(8, 5), (9, 5), (10, 5), (11, 5), (12, 5), (13, 5), (14, 5), (15, 5);

-- Students get role 6 (STUDENT)
INSERT INTO user_role (user_id, role_id)
SELECT id, 6 FROM user_account WHERE id >= 100 AND id <= 162;

-- User Branches (assign all users to branch 1)
INSERT INTO user_branches (user_id, branch_id, assigned_at, assigned_by) 
SELECT id, 1, created_at, 2 FROM user_account WHERE id BETWEEN 1 AND 162;

-- Teachers
INSERT INTO teacher (id, user_account_id, employee_code, hire_date, contract_type, note, created_at, updated_at) VALUES
(1, 8, 'TCH-001', '2025-02-01', 'full-time', 'IELTS Foundation specialist, 5 years experience', '2025-02-01 09:00:00+07', '2025-02-01 09:00:00+07'),
(2, 9, 'TCH-002', '2025-02-01', 'full-time', 'IELTS Intermediate specialist, online teaching expert', '2025-02-01 09:05:00+07', '2025-02-01 09:05:00+07'),
(3, 10, 'TCH-003', '2025-02-01', 'full-time', 'IELTS Advanced specialist, Cambridge certified', '2025-02-01 09:10:00+07', '2025-02-01 09:10:00+07'),
(4, 11, 'TCH-004', '2025-02-01', 'part-time', 'Foundation level specialist, morning availability only', '2025-02-01 09:15:00+07', '2025-02-01 09:15:00+07'),
(5, 12, 'TCH-005', '2025-02-01', 'part-time', 'Intermediate specialist, evening classes', '2025-02-01 09:20:00+07', '2025-02-01 09:20:00+07'),
(6, 13, 'TCH-006', '2025-02-01', 'full-time', 'Advanced level expert, flexible schedule', '2025-02-01 09:25:00+07', '2025-02-01 09:25:00+07'),
(7, 14, 'TCH-007', '2025-02-01', 'full-time', 'All levels, experienced with offline teaching', '2025-02-01 09:30:00+07', '2025-02-01 09:30:00+07'),
(8, 15, 'TCH-008', '2025-02-01', 'full-time', 'All levels, online specialist, very flexible', '2025-02-01 09:35:00+07', '2025-02-01 09:35:00+07');

-- Students
INSERT INTO student (id, user_id, student_code, level, created_at, updated_at)
SELECT 
  ROW_NUMBER() OVER (ORDER BY id),
  id,
  'STD-' || LPAD((ROW_NUMBER() OVER (ORDER BY id))::text, 4, '0'),
  CASE 
    WHEN id BETWEEN 100 AND 122 THEN 'Beginner'
    WHEN id BETWEEN 123 AND 142 THEN 'Intermediate'
    ELSE 'Advanced'
  END,
  created_at,
  updated_at
FROM user_account WHERE id >= 100 AND id <= 162;

-- Teacher Skills
INSERT INTO teacher_skill (teacher_id, skill, specialization, language, level) VALUES
-- Teacher 1 (John Smith): Foundation specialist
(1, 'general', 'IELTS Foundation', 'English', 9),
(1, 'reading', 'IELTS', 'English', 8),
(1, 'listening', 'IELTS', 'English', 8),
-- Teacher 2 (Emma Wilson): Intermediate specialist
(2, 'general', 'IELTS Intermediate', 'English', 9),
(2, 'writing', 'IELTS', 'English', 9),
(2, 'speaking', 'IELTS', 'English', 8),
-- Teacher 3 (David Lee): Advanced specialist
(3, 'general', 'IELTS Advanced', 'English', 10),
(3, 'writing', 'IELTS', 'English', 10),
(3, 'speaking', 'IELTS', 'English', 10),
(3, 'reading', 'IELTS', 'English', 9),
-- Teacher 4 (Sarah Johnson): Foundation
(4, 'general', 'IELTS Foundation', 'English', 8),
(4, 'listening', 'IELTS', 'English', 8),
-- Teacher 5 (Michael Brown): Intermediate
(5, 'general', 'IELTS Intermediate', 'English', 8),
(5, 'reading', 'IELTS', 'English', 8),
-- Teacher 6 (Lisa Chen): Advanced
(6, 'general', 'IELTS Advanced', 'English', 9),
(6, 'speaking', 'IELTS', 'English', 9),
-- Teacher 7 (James Taylor): All levels
(7, 'general', 'IELTS All Levels', 'English', 9),
(7, 'reading', 'IELTS', 'English', 8),
(7, 'writing', 'IELTS', 'English', 8),
-- Teacher 8 (Anna Martinez): All levels
(8, 'general', 'IELTS All Levels', 'English', 9),
(8, 'listening', 'IELTS', 'English', 9),
(8, 'speaking', 'IELTS', 'English', 9);

-- Teacher Availability (different schedules for different teachers)
INSERT INTO teacher_availability (teacher_id, time_slot_template_id, day_of_week, effective_date, note, created_at, updated_at) VALUES
-- Teacher 1 (John Smith): Morning + Afternoon, Mon/Wed/Fri
(1, 1, 1, '2025-02-01', 'Regular morning schedule', '2025-02-01 10:00:00+07', '2025-02-01 10:00:00+07'),
(1, 1, 3, '2025-02-01', 'Regular morning schedule', '2025-02-01 10:00:00+07', '2025-02-01 10:00:00+07'),
(1, 1, 5, '2025-02-01', 'Regular morning schedule', '2025-02-01 10:00:00+07', '2025-02-01 10:00:00+07'),
(1, 3, 2, '2025-02-01', 'Afternoon availability', '2025-02-01 10:00:00+07', '2025-02-01 10:00:00+07'),
(1, 3, 4, '2025-02-01', 'Afternoon availability', '2025-02-01 10:00:00+07', '2025-02-01 10:00:00+07'),
-- Teacher 2 (Emma Wilson): Afternoon + Evening, Tue/Thu/Sat
(2, 3, 2, '2025-02-01', 'Afternoon schedule', '2025-02-01 10:05:00+07', '2025-02-01 10:05:00+07'),
(2, 3, 4, '2025-02-01', 'Afternoon schedule', '2025-02-01 10:05:00+07', '2025-02-01 10:05:00+07'),
(2, 3, 6, '2025-02-01', 'Afternoon schedule', '2025-02-01 10:05:00+07', '2025-02-01 10:05:00+07'),
(2, 5, 2, '2025-02-01', 'Evening availability', '2025-02-01 10:05:00+07', '2025-02-01 10:05:00+07'),
(2, 5, 4, '2025-02-01', 'Evening availability', '2025-02-01 10:05:00+07', '2025-02-01 10:05:00+07'),
(2, 5, 6, '2025-02-01', 'Evening availability', '2025-02-01 10:05:00+07', '2025-02-01 10:05:00+07'),
-- Teacher 3 (David Lee): Morning + Evening, Mon/Wed/Fri
(3, 1, 1, '2025-02-01', 'Morning slots', '2025-02-01 10:10:00+07', '2025-02-01 10:10:00+07'),
(3, 1, 3, '2025-02-01', 'Morning slots', '2025-02-01 10:10:00+07', '2025-02-01 10:10:00+07'),
(3, 1, 5, '2025-02-01', 'Morning slots', '2025-02-01 10:10:00+07', '2025-02-01 10:10:00+07'),
(3, 5, 1, '2025-02-01', 'Evening slots', '2025-02-01 10:10:00+07', '2025-02-01 10:10:00+07'),
(3, 5, 3, '2025-02-01', 'Evening slots', '2025-02-01 10:10:00+07', '2025-02-01 10:10:00+07'),
-- Teacher 4 (Sarah Johnson): Morning only, Tue/Thu
(4, 1, 2, '2025-02-01', 'Part-time morning', '2025-02-01 10:15:00+07', '2025-02-01 10:15:00+07'),
(4, 1, 4, '2025-02-01', 'Part-time morning', '2025-02-01 10:15:00+07', '2025-02-01 10:15:00+07'),
(4, 2, 2, '2025-02-01', 'Late morning', '2025-02-01 10:15:00+07', '2025-02-01 10:15:00+07'),
(4, 2, 4, '2025-02-01', 'Late morning', '2025-02-01 10:15:00+07', '2025-02-01 10:15:00+07'),
-- Teacher 5 (Michael Brown): Evening only, Mon/Wed/Fri
(5, 5, 1, '2025-02-01', 'Part-time evening', '2025-02-01 10:20:00+07', '2025-02-01 10:20:00+07'),
(5, 5, 3, '2025-02-01', 'Part-time evening', '2025-02-01 10:20:00+07', '2025-02-01 10:20:00+07'),
(5, 5, 5, '2025-02-01', 'Part-time evening', '2025-02-01 10:20:00+07', '2025-02-01 10:20:00+07'),
-- Teacher 6 (Lisa Chen): Afternoon + Evening, flexible days
(6, 3, 1, '2025-02-01', 'Afternoon', '2025-02-01 10:25:00+07', '2025-02-01 10:25:00+07'),
(6, 3, 3, '2025-02-01', 'Afternoon', '2025-02-01 10:25:00+07', '2025-02-01 10:25:00+07'),
(6, 3, 5, '2025-02-01', 'Afternoon', '2025-02-01 10:25:00+07', '2025-02-01 10:25:00+07'),
(6, 5, 2, '2025-02-01', 'Evening', '2025-02-01 10:25:00+07', '2025-02-01 10:25:00+07'),
(6, 5, 4, '2025-02-01', 'Evening', '2025-02-01 10:25:00+07', '2025-02-01 10:25:00+07'),
-- Teacher 7 (James Taylor): Morning + Afternoon, all weekdays
(7, 1, 1, '2025-02-01', 'Full-time schedule', '2025-02-01 10:30:00+07', '2025-02-01 10:30:00+07'),
(7, 1, 2, '2025-02-01', 'Full-time schedule', '2025-02-01 10:30:00+07', '2025-02-01 10:30:00+07'),
(7, 1, 3, '2025-02-01', 'Full-time schedule', '2025-02-01 10:30:00+07', '2025-02-01 10:30:00+07'),
(7, 1, 4, '2025-02-01', 'Full-time schedule', '2025-02-01 10:30:00+07', '2025-02-01 10:30:00+07'),
(7, 1, 5, '2025-02-01', 'Full-time schedule', '2025-02-01 10:30:00+07', '2025-02-01 10:30:00+07'),
(7, 3, 1, '2025-02-01', 'Afternoon slots', '2025-02-01 10:30:00+07', '2025-02-01 10:30:00+07'),
(7, 3, 3, '2025-02-01', 'Afternoon slots', '2025-02-01 10:30:00+07', '2025-02-01 10:30:00+07'),
-- Teacher 8 (Anna Martinez): Very flexible, all slots
(8, 1, 1, '2025-02-01', 'Flexible schedule', '2025-02-01 10:35:00+07', '2025-02-01 10:35:00+07'),
(8, 1, 3, '2025-02-01', 'Flexible schedule', '2025-02-01 10:35:00+07', '2025-02-01 10:35:00+07'),
(8, 1, 5, '2025-02-01', 'Flexible schedule', '2025-02-01 10:35:00+07', '2025-02-01 10:35:00+07'),
(8, 3, 2, '2025-02-01', 'Flexible schedule', '2025-02-01 10:35:00+07', '2025-02-01 10:35:00+07'),
(8, 3, 4, '2025-02-01', 'Flexible schedule', '2025-02-01 10:35:00+07', '2025-02-01 10:35:00+07'),
(8, 5, 1, '2025-02-01', 'Flexible schedule', '2025-02-01 10:35:00+07', '2025-02-01 10:35:00+07'),
(8, 5, 3, '2025-02-01', 'Flexible schedule', '2025-02-01 10:35:00+07', '2025-02-01 10:35:00+07'),
(8, 5, 5, '2025-02-01', 'Flexible schedule', '2025-02-01 10:35:00+07', '2025-02-01 10:35:00+07');

-- Update sequences
SELECT setval('branch_id_seq', 10, true);
SELECT setval('subject_id_seq', 10, true);
SELECT setval('time_slot_template_id_seq', 10, true);
SELECT setval('resource_id_seq', 10, true);
SELECT setval('teacher_id_seq', 20, true);
SELECT setval('student_id_seq', 100, true);

-- ========== TIER 3: CURRICULUM ==========

-- Levels
INSERT INTO level (id, subject_id, code, name, expected_duration_hours, sort_order, description, created_at, updated_at) VALUES
(1, 1, 'A1-A2', 'IELTS Foundation', 80, 1, 'Foundation level for beginners, targeting IELTS band 3.0-4.0', '2025-01-20 09:00:00+07', '2025-01-20 09:00:00+07'),
(2, 1, 'B1-B2', 'IELTS Intermediate', 100, 2, 'Intermediate level for developing skills, targeting IELTS band 5.0-6.0', '2025-01-20 09:05:00+07', '2025-01-20 09:05:00+07'),
(3, 1, 'C1', 'IELTS Advanced', 120, 3, 'Advanced level for proficient learners, targeting IELTS band 6.5-8.0', '2025-01-20 09:10:00+07', '2025-01-20 09:10:00+07');

-- PLOs (Program Learning Outcomes for IELTS subject)
INSERT INTO plo (id, subject_id, code, description, created_at, updated_at) VALUES
(1, 1, 'PLO1', 'Demonstrate basic English communication skills in everyday situations', '2025-01-20 10:00:00+07', '2025-01-20 10:00:00+07'),
(2, 1, 'PLO2', 'Comprehend and produce simple written and spoken English texts', '2025-01-20 10:00:00+07', '2025-01-20 10:00:00+07'),
(3, 1, 'PLO3', 'Apply intermediate English grammar and vocabulary in academic contexts', '2025-01-20 10:00:00+07', '2025-01-20 10:00:00+07'),
(4, 1, 'PLO4', 'Analyze and critically evaluate complex English texts and arguments', '2025-01-20 10:00:00+07', '2025-01-20 10:00:00+07'),
(5, 1, 'PLO5', 'Produce coherent, well-structured academic essays and reports in English', '2025-01-20 10:00:00+07', '2025-01-20 10:00:00+07');

-- Courses (3 courses: Foundation, Intermediate, Advanced)
INSERT INTO course (id, subject_id, level_id, logical_course_code, version, code, name, description, score_scale, total_hours, duration_weeks, session_per_week, hours_per_session, prerequisites, target_audience, teaching_methods, effective_date, status, approval_status, decided_by_manager, decided_at, hash_checksum, created_by, created_at, updated_at) VALUES
(1, 1, 1, 'IELTS-FOUND-2025', 1, 'IELTS-FOUND-2025-v1', 'IELTS Foundation 2025', 
 'Comprehensive foundation course covering basic English skills for IELTS preparation. Students will develop fundamental listening, reading, writing, and speaking abilities.', 
 'IELTS 0-9', 80, 8, 3, 3.5, 'No prerequisites - suitable for beginners', 
 'Learners targeting IELTS band 3.0-4.0, beginners in English', 
 'Task-based learning, interactive exercises, basic drills, group activities', 
 '2025-09-01', 'active', 'approved', 3, '2025-08-20 14:00:00+07', 'checksum_foundation_v1', 3, '2025-08-15 09:00:00+07', '2025-08-20 14:00:00+07'),

(2, 1, 2, 'IELTS-INTER-2025', 1, 'IELTS-INTER-2025-v1', 'IELTS Intermediate 2025',
 'Intermediate course developing IELTS test-taking strategies and improving all four skills to achieve band 5.0-6.0.',
 'IELTS 0-9', 100, 10, 3, 3.5, 'IELTS Foundation or equivalent (band 4.0+)',
 'Learners targeting IELTS band 5.0-6.0, intermediate English proficiency',
 'Strategic learning, practice tests, peer feedback, skill-specific training',
 '2025-08-01', 'active', 'approved', 3, '2025-07-15 15:00:00+07', 'checksum_intermediate_v1', 3, '2025-07-10 10:00:00+07', '2025-07-15 15:00:00+07'),

(3, 1, 3, 'IELTS-ADV-2025', 1, 'IELTS-ADV-2025-v1', 'IELTS Advanced 2025',
 'Advanced course for achieving high IELTS scores (6.5-8.0) through intensive practice and mastery of complex language skills.',
 'IELTS 0-9', 120, 12, 3, 3.5, 'IELTS Intermediate or equivalent (band 6.0+)',
 'Learners targeting IELTS band 6.5-8.0, advanced English users',
 'Intensive practice, mock tests, detailed feedback, academic writing focus, fluency development',
 '2025-07-01', 'active', 'approved', 3, '2025-06-10 16:00:00+07', 'checksum_advanced_v1', 3, '2025-06-05 11:00:00+07', '2025-06-10 16:00:00+07');

SELECT setval('level_id_seq', 10, true);
SELECT setval('plo_id_seq', 10, true);
SELECT setval('course_id_seq', 10, true);

-- Course Phases
INSERT INTO course_phase (id, course_id, phase_number, name, duration_weeks, learning_focus, created_at, updated_at) VALUES
-- Foundation Course Phases
(1, 1, 1, 'Foundation Skills', 2, 'Introduction to basic English sounds, simple vocabulary, and everyday phrases', '2025-08-15 10:00:00+07', '2025-08-15 10:00:00+07'),
(2, 1, 2, 'Basic Grammar & Vocabulary', 2, 'Present tenses, basic sentence structures, common vocabulary sets', '2025-08-15 10:00:00+07', '2025-08-15 10:00:00+07'),
(3, 1, 3, 'Reading & Listening Practice', 2, 'Simple reading passages, basic listening exercises, comprehension skills', '2025-08-15 10:00:00+07', '2025-08-15 10:00:00+07'),
(4, 1, 4, 'Writing & Speaking Introduction', 2, 'Basic writing skills, simple speaking tasks, pronunciation practice', '2025-08-15 10:00:00+07', '2025-08-15 10:00:00+07'),

-- Intermediate Course Phases
(5, 2, 1, 'Intermediate Grammar & Vocabulary', 2.5, 'Complex tenses, conditionals, advanced vocabulary for IELTS', '2025-07-10 11:00:00+07', '2025-07-10 11:00:00+07'),
(6, 2, 2, 'Reading & Listening Strategies', 2.5, 'IELTS reading techniques, note-taking, identifying key information', '2025-07-10 11:00:00+07', '2025-07-10 11:00:00+07'),
(7, 2, 3, 'Writing Task 1 & 2', 2.5, 'Academic writing, graph description, essay structure and argumentation', '2025-07-10 11:00:00+07', '2025-07-10 11:00:00+07'),
(8, 2, 4, 'Speaking Part 1, 2, 3', 2.5, 'Fluency development, topic-based speaking, critical thinking in English', '2025-07-10 11:00:00+07', '2025-07-10 11:00:00+07'),

-- Advanced Course Phases
(9, 3, 1, 'Advanced Vocabulary & Complex Grammar', 3, 'Academic vocabulary, advanced grammatical structures, collocations', '2025-06-05 12:00:00+07', '2025-06-05 12:00:00+07'),
(10, 3, 2, 'Advanced Reading & Listening', 3, 'Complex texts, lectures, identifying implicit meaning and tone', '2025-06-05 12:00:00+07', '2025-06-05 12:00:00+07'),
(11, 3, 3, 'Academic Writing Mastery', 3, 'Advanced essay writing, critical analysis, coherence and cohesion', '2025-06-05 12:00:00+07', '2025-06-05 12:00:00+07'),
(12, 3, 4, 'Fluency & Pronunciation', 3, 'Natural speaking, intonation, stress patterns, advanced speaking topics', '2025-06-05 12:00:00+07', '2025-06-05 12:00:00+07');

-- CLOs (Course Learning Outcomes)
INSERT INTO clo (id, course_id, code, description, created_at, updated_at) VALUES
-- Foundation CLOs
(1, 1, 'CLO1-F', 'Understand and use basic English vocabulary in everyday contexts', '2025-08-15 11:00:00+07', '2025-08-15 11:00:00+07'),
(2, 1, 'CLO2-F', 'Comprehend simple spoken and written English', '2025-08-15 11:00:00+07', '2025-08-15 11:00:00+07'),
(3, 1, 'CLO3-F', 'Apply basic grammar rules in simple sentences', '2025-08-15 11:00:00+07', '2025-08-15 11:00:00+07'),
(4, 1, 'CLO4-F', 'Produce short written texts and simple spoken responses', '2025-08-15 11:00:00+07', '2025-08-15 11:00:00+07'),
(5, 1, 'CLO5-F', 'Demonstrate basic pronunciation and listening skills', '2025-08-15 11:00:00+07', '2025-08-15 11:00:00+07'),

-- Intermediate CLOs
(6, 2, 'CLO1-I', 'Apply intermediate grammar and vocabulary in academic contexts', '2025-07-10 12:00:00+07', '2025-07-10 12:00:00+07'),
(7, 2, 'CLO2-I', 'Analyze and comprehend IELTS-level reading and listening materials', '2025-07-10 12:00:00+07', '2025-07-10 12:00:00+07'),
(8, 2, 'CLO3-I', 'Produce coherent IELTS Writing Task 1 and 2 responses', '2025-07-10 12:00:00+07', '2025-07-10 12:00:00+07'),
(9, 2, 'CLO4-I', 'Communicate effectively in IELTS Speaking test format', '2025-07-10 12:00:00+07', '2025-07-10 12:00:00+07'),
(10, 2, 'CLO5-I', 'Employ test-taking strategies for IELTS preparation', '2025-07-10 12:00:00+07', '2025-07-10 12:00:00+07'),
(11, 2, 'CLO6-I', 'Demonstrate fluency and accuracy in intermediate-level English', '2025-07-10 12:00:00+07', '2025-07-10 12:00:00+07'),

-- Advanced CLOs
(12, 3, 'CLO1-A', 'Master advanced vocabulary and complex grammatical structures', '2025-06-05 13:00:00+07', '2025-06-05 13:00:00+07'),
(13, 3, 'CLO2-A', 'Critically analyze complex academic texts and lectures', '2025-06-05 13:00:00+07', '2025-06-05 13:00:00+07'),
(14, 3, 'CLO3-A', 'Produce well-argued, cohesive academic essays', '2025-06-05 13:00:00+07', '2025-06-05 13:00:00+07'),
(15, 3, 'CLO4-A', 'Communicate with fluency and natural intonation on complex topics', '2025-06-05 13:00:00+07', '2025-06-05 13:00:00+07'),
(16, 3, 'CLO5-A', 'Demonstrate near-native proficiency in all four skills', '2025-06-05 13:00:00+07', '2025-06-05 13:00:00+07'),
(17, 3, 'CLO6-A', 'Apply critical thinking in English language use', '2025-06-05 13:00:00+07', '2025-06-05 13:00:00+07'),
(18, 3, 'CLO7-A', 'Achieve target IELTS band score (6.5-8.0)', '2025-06-05 13:00:00+07', '2025-06-05 13:00:00+07'),
(19, 3, 'CLO8-A', 'Perform effectively in mock IELTS tests', '2025-06-05 13:00:00+07', '2025-06-05 13:00:00+07');

-- PLO-CLO Mappings (sample mappings)
INSERT INTO plo_clo_mapping (plo_id, clo_id, status) VALUES
-- Foundation mappings
(1, 1, 'active'), (1, 4, 'active'), (2, 2, 'active'), (2, 3, 'active'), (2, 5, 'active'),
-- Intermediate mappings
(3, 6, 'active'), (3, 7, 'active'), (3, 8, 'active'), (3, 9, 'active'), (3, 10, 'active'),
-- Advanced mappings
(4, 12, 'active'), (4, 13, 'active'), (5, 14, 'active'), (5, 15, 'active'), (5, 16, 'active');

-- Course Assessments
INSERT INTO course_assessment (id, course_id, name, kind, duration_minutes, description, skills, max_score, note, created_at, updated_at) VALUES
-- Foundation Assessments
(1, 1, 'Quiz 1 - Vocabulary & Grammar', 'quiz', 45, 'Test basic vocabulary and grammar from Phase 1-2', ARRAY['reading','writing']::skill_enum[], 100.00, 'Covers units 1-4', '2025-08-15 12:00:00+07', '2025-08-15 12:00:00+07'),
(2, 1, 'Midterm Exam', 'midterm', 90, 'Comprehensive test of reading and listening skills', ARRAY['reading','listening']::skill_enum[], 100.00, 'Covers Phase 1-2', '2025-08-15 12:00:00+07', '2025-08-15 12:00:00+07'),
(3, 1, 'Quiz 2 - Speaking & Writing', 'quiz', 60, 'Basic speaking and writing tasks', ARRAY['writing','speaking']::skill_enum[], 100.00, 'Covers Phase 3', '2025-08-15 12:00:00+07', '2025-08-15 12:00:00+07'),
(4, 1, 'Final Exam', 'final', 120, 'Comprehensive final covering all four skills', ARRAY['reading','writing','listening','speaking']::skill_enum[], 100.00, 'All phases', '2025-08-15 12:00:00+07', '2025-08-15 12:00:00+07'),

-- Intermediate Assessments
(5, 2, 'Quiz 1 - Grammar & Vocabulary', 'quiz', 60, 'Intermediate grammar and IELTS vocabulary', ARRAY['reading','writing']::skill_enum[], 100.00, 'Phase 1', '2025-07-10 13:00:00+07', '2025-07-10 13:00:00+07'),
(6, 2, 'Midterm Exam', 'midterm', 120, 'IELTS-format reading and listening test', ARRAY['reading','listening']::skill_enum[], 100.00, 'Phase 1-2', '2025-07-10 13:00:00+07', '2025-07-10 13:00:00+07'),
(7, 2, 'Quiz 2 - Writing Tasks', 'quiz', 60, 'IELTS Writing Task 1 and 2 practice', ARRAY['writing']::skill_enum[], 100.00, 'Phase 3', '2025-07-10 13:00:00+07', '2025-07-10 13:00:00+07'),
(8, 2, 'Mock IELTS Test', 'practice', 180, 'Full IELTS mock test', ARRAY['reading','writing','listening','speaking']::skill_enum[], 90.00, 'IELTS 0-9 scale', '2025-07-10 13:00:00+07', '2025-07-10 13:00:00+07'),
(9, 2, 'Final Exam', 'final', 180, 'Comprehensive IELTS-format final exam', ARRAY['reading','writing','listening','speaking']::skill_enum[], 90.00, 'All phases', '2025-07-10 13:00:00+07', '2025-07-10 13:00:00+07'),

-- Advanced Assessments
(10, 3, 'Quiz 1 - Advanced Grammar', 'quiz', 60, 'Complex grammatical structures', ARRAY['reading','writing']::skill_enum[], 100.00, 'Phase 1', '2025-06-05 14:00:00+07', '2025-06-05 14:00:00+07'),
(11, 3, 'Midterm Exam', 'midterm', 150, 'Academic reading and listening', ARRAY['reading','listening']::skill_enum[], 90.00, 'Phase 1-2', '2025-06-05 14:00:00+07', '2025-06-05 14:00:00+07'),
(12, 3, 'Mock Test 1', 'practice', 180, 'First full IELTS mock test', ARRAY['reading','writing','listening','speaking']::skill_enum[], 90.00, 'Phase 3', '2025-06-05 14:00:00+07', '2025-06-05 14:00:00+07'),
(13, 3, 'Mock Test 2', 'practice', 180, 'Second full IELTS mock test', ARRAY['reading','writing','listening','speaking']::skill_enum[], 90.00, 'Phase 4', '2025-06-05 14:00:00+07', '2025-06-05 14:00:00+07'),
(14, 3, 'Final Exam', 'final', 180, 'Final comprehensive IELTS test', ARRAY['reading','writing','listening','speaking']::skill_enum[], 90.00, 'All phases', '2025-06-05 14:00:00+07', '2025-06-05 14:00:00+07');

SELECT setval('course_phase_id_seq', 20, true);
SELECT setval('clo_id_seq', 30, true);
SELECT setval('course_assessment_id_seq', 20, true);

-- Classes (9 classes: 3 per course)
INSERT INTO "class" (id, branch_id, course_id, code, name, modality, start_date, planned_end_date, schedule_days, max_capacity, status, approval_status, created_by, submitted_at, decided_by, decided_at, created_at, updated_at) VALUES
-- Foundation Classes
(1, 1, 1, 'FOUND-F1-2025', 'Foundation F1 - Morning Offline', 'offline', '2025-11-04', '2025-12-27', ARRAY[1,3,5], 20, 'ongoing', 'approved', 4, '2025-10-15 10:00:00+07', 2, '2025-10-18 14:00:00+07', '2025-10-10 09:00:00+07', '2025-10-18 14:00:00+07'),
(2, 1, 1, 'FOUND-F2-2025', 'Foundation F2 - Evening Online', 'online', '2025-09-30', '2025-11-30', ARRAY[2,4,6], 20, 'ongoing', 'approved', 4, '2025-10-15 11:00:00+07', 2, '2025-10-18 15:00:00+07', '2025-10-10 10:00:00+07', '2025-10-18 15:00:00+07'),
(3, 1, 1, 'FOUND-F3-2025', 'Foundation F3 - Afternoon Hybrid', 'hybrid', '2025-11-06', '2025-12-29', ARRAY[1,3,5], 20, 'ongoing', 'approved', 5, '2025-10-15 12:00:00+07', 2, '2025-10-19 09:00:00+07', '2025-10-10 11:00:00+07', '2025-10-19 09:00:00+07'),

-- Intermediate Classes
(4, 1, 2, 'INTER-I1-2025', 'Intermediate I1 - Morning Offline', 'offline', '2025-10-14', '2025-12-20', ARRAY[1,3,5], 20, 'ongoing', 'approved', 4, '2025-09-20 10:00:00+07', 2, '2025-09-25 14:00:00+07', '2025-09-15 09:00:00+07', '2025-09-25 14:00:00+07'),
(5, 1, 2, 'INTER-I2-2025', 'Intermediate I2 - Evening Online', 'online', '2025-10-15', '2025-12-21', ARRAY[2,4,6], 20, 'ongoing', 'approved', 5, '2025-09-20 11:00:00+07', 2, '2025-09-25 15:00:00+07', '2025-09-15 10:00:00+07', '2025-09-25 15:00:00+07'),
(6, 1, 2, 'INTER-I3-2025', 'Intermediate I3 - Afternoon Hybrid', 'hybrid', '2025-10-16', '2025-12-22', ARRAY[1,3,5], 20, 'ongoing', 'approved', 4, '2025-09-20 12:00:00+07', 2, '2025-09-26 10:00:00+07', '2025-09-15 11:00:00+07', '2025-09-26 10:00:00+07'),

-- Advanced Classes
(7, 1, 3, 'ADV-A1-2025', 'Advanced A1 - Morning Offline', 'offline', '2025-09-16', '2025-12-06', ARRAY[1,3,5], 20, 'ongoing', 'approved', 4, '2025-08-20 10:00:00+07', 2, '2025-08-25 14:00:00+07', '2025-08-15 09:00:00+07', '2025-08-25 14:00:00+07'),
(8, 1, 3, 'ADV-A2-2025', 'Advanced A2 - Evening Online', 'online', '2025-09-17', '2025-12-07', ARRAY[2,4,6], 20, 'ongoing', 'approved', 5, '2025-08-20 11:00:00+07', 2, '2025-08-25 15:00:00+07', '2025-08-15 10:00:00+07', '2025-08-25 15:00:00+07'),
(9, 1, 3, 'ADV-A3-2025', 'Advanced A3 - Afternoon Hybrid', 'hybrid', '2025-09-18', '2025-12-08', ARRAY[1,3,5], 20, 'ongoing', 'approved', 4, '2025-08-20 12:00:00+07', 2, '2025-08-26 10:00:00+07', '2025-08-15 11:00:00+07', '2025-08-26 10:00:00+07');

SELECT setval('class_id_seq', 20, true);

INSERT INTO enrollment (class_id, student_id, status, enrolled_at, enrolled_by, created_at, updated_at)
SELECT 1, id, 'enrolled', '2025-10-25 10:00:00+07', 4, '2025-10-25 10:00:00+07', '2025-10-25 10:00:00+07'
FROM student WHERE id BETWEEN 1 AND 5;

-- Foundation F2: 18 students (2 will be marked as dropped)
INSERT INTO enrollment (class_id, student_id, status, enrolled_at, left_at, enrolled_by, created_at, updated_at)
SELECT 2, id, 
  CASE WHEN id IN (16,17) THEN 'dropped'::enrollment_status_enum ELSE 'enrolled'::enrollment_status_enum END,
  '2025-09-25 10:00:00+07',
  CASE WHEN id IN (16,17) THEN '2025-10-20 10:00:00+07'::timestamptz ELSE NULL END,
  4, '2025-09-25 10:00:00+07', '2025-09-25 10:00:00+07'
FROM student WHERE id BETWEEN 6 AND 23;

-- Foundation F3: 20 students
INSERT INTO enrollment (class_id, student_id, status, enrolled_at, enrolled_by, created_at, updated_at)
SELECT 3, id, 'enrolled', '2025-10-27 10:00:00+07', 5, '2025-10-27 10:00:00+07', '2025-10-27 10:00:00+07'
FROM student WHERE id BETWEEN 24 AND 43;

-- Intermediate I1: 6 students
INSERT INTO enrollment (class_id, student_id, status, enrolled_at, enrolled_by, created_at, updated_at)
SELECT 4, id, 'enrolled', '2025-09-30 10:00:00+07', 4, '2025-09-30 10:00:00+07', '2025-09-30 10:00:00+07'
FROM student WHERE id BETWEEN 44 AND 49;

-- Intermediate I2: 10 students (limited by available student data)
INSERT INTO enrollment (class_id, student_id, status, enrolled_at, enrolled_by, created_at, updated_at)
SELECT 5, id, 'enrolled', '2025-10-01 10:00:00+07', 5, '2025-10-01 10:00:00+07', '2025-10-01 10:00:00+07'
FROM student WHERE id BETWEEN 50 AND 59;

-- Intermediate I3: 4 students
INSERT INTO enrollment (class_id, student_id, status, enrolled_at, enrolled_by, created_at, updated_at)
SELECT 6, id, 'enrolled', '2025-10-02 10:00:00+07', 4, '2025-10-02 10:00:00+07', '2025-10-02 10:00:00+07'
FROM student WHERE id BETWEEN 60 AND 63;

-- ========== ADDITIONAL SAMPLE DATA FOR TESTING ==========

-- Feedback Questions
INSERT INTO feedback_question (id, question_text, question_type, options, display_order, created_at, updated_at) VALUES
(1, 'How satisfied are you with the overall teaching quality?', 'rating', NULL, 1, '2025-01-20 10:00:00+07', '2025-01-20 10:00:00+07'),
(2, 'How clear and well-organized were the lessons?', 'rating', NULL, 2, '2025-01-20 10:00:00+07', '2025-01-20 10:00:00+07'),
(3, 'How helpful were the course materials and resources?', 'rating', NULL, 3, '2025-01-20 10:00:00+07', '2025-01-20 10:00:00+07'),
(4, 'How effective was the class management and scheduling?', 'rating', NULL, 4, '2025-01-20 10:00:00+07', '2025-01-20 10:00:00+07'),
(5, 'Would you recommend this course to others?', 'rating', NULL, 5, '2025-01-20 10:00:00+07', '2025-01-20 10:00:00+07'),
(6, 'What did you like most about the course?', 'text', NULL, 6, '2025-01-20 10:00:00+07', '2025-01-20 10:00:00+07'),
(7, 'What areas need improvement?', 'text', NULL, 7, '2025-01-20 10:00:00+07', '2025-01-20 10:00:00+07');

-- Student Requests (Sample scenarios)
-- NOTE: submitted_by must be user_account.id, not student.id
-- Student mapping: student.id = N → student.user_id = N + 99
INSERT INTO student_request (id, student_id, current_class_id, request_type, target_class_id, target_session_id, makeup_session_id, effective_date, effective_session_id, status, submitted_at, submitted_by, decided_by, decided_at, request_reason, note) VALUES
-- Absence requests
(1, 5, 1, 'absence', NULL, NULL, NULL, '2025-01-22', NULL, 'approved', '2025-01-15 09:00:00+07', 104, 4, '2025-01-16 10:00:00+07', 'Family emergency - need to travel', 'Approved, allowed absence'),
(2, 12, 2, 'absence', NULL, NULL, NULL, '2025-01-25', NULL, 'pending', '2025-01-20 14:00:00+07', 111, NULL, NULL, 'Medical appointment', NULL),
(3, 28, 3, 'absence', NULL, NULL, NULL, '2025-01-30', NULL, 'rejected', '2025-01-18 11:00:00+07', 127, 4, '2025-01-19 15:00:00+07', 'Personal reasons', 'Too many absences this month, rejected'),

-- Makeup requests
(4, 7, 1, 'makeup', NULL, NULL, NULL, NULL, NULL, 'approved', '2025-12-01 10:00:00+07', 106, 4, '2025-12-02 09:00:00+07', 'Missed session due to illness, want to makeup', 'Approved for makeup session'),
(5, 19, 2, 'makeup', NULL, NULL, NULL, NULL, NULL, 'waiting_confirm', '2025-01-10 13:00:00+07', 118, NULL, NULL, 'Missed session 8, requesting makeup', NULL),
(6, 33, 3, 'makeup', NULL, NULL, NULL, NULL, NULL, 'pending', '2025-01-12 16:00:00+07', 132, NULL, NULL, 'Family wedding, need makeup for missed class', NULL),

-- Transfer requests
(7, 16, 2, 'transfer', 3, NULL, NULL, '2025-11-25', NULL, 'approved', '2025-11-10 10:00:00+07', 115, 5, '2025-11-12 14:00:00+07', 'Schedule conflict with work, prefer afternoon class', 'Transferred to F3'),
(8, 23, 2, 'transfer', 1, NULL, NULL, '2025-11-28', NULL, 'approved', '2025-11-13 11:00:00+07', 122, 5, '2025-11-15 10:00:00+07', 'Prefer morning schedule', 'Approved transfer'),
(9, 45, 1, 'transfer', 2, NULL, NULL, NULL, NULL, 'pending', '2025-01-14 09:00:00+07', 144, NULL, NULL, 'Work schedule changed, need evening class', NULL),
(10, 14, 4, 'transfer', 5, NULL, NULL, NULL, NULL, 'rejected', '2025-12-05 15:00:00+07', 113, 4, '2025-12-06 10:00:00+07', 'Want to switch to online format', 'Class I2 is at full capacity'),
(11, 37, 8, 'transfer', 9, NULL, NULL, NULL, NULL, 'waiting_confirm', '2025-01-08 14:00:00+07', 136, NULL, NULL, 'Prefer hybrid learning model', 'Pending center head approval');

-- Teacher Requests (Sample scenarios)
INSERT INTO teacher_request (id, teacher_id, session_id, new_date, new_time_slot_id, new_resource_id, request_type, replacement_teacher_id, new_session_id, status, submitted_at, submitted_by, decided_by, decided_at, request_reason, note) VALUES
-- Swap requests
(1, 2, NULL, NULL, NULL, NULL, 'swap', 5, NULL, 'approved', '2025-01-10 09:00:00+07', 9, 4, '2025-01-11 14:00:00+07', 'Personal appointment conflict on Jan 20', 'Approved - Teacher 5 will cover'),
(2, 4, NULL, NULL, NULL, NULL, 'swap', NULL, NULL, 'rejected', '2025-01-12 10:00:00+07', 11, 4, '2025-01-13 09:00:00+07', 'Request swap for session next week', 'No suitable replacement available'),
(3, 7, NULL, NULL, NULL, NULL, 'swap', 8, NULL, 'waiting_confirm', '2025-01-15 11:00:00+07', 14, NULL, NULL, 'Need to attend professional development workshop', 'Waiting for Teacher 8 confirmation'),

-- Reschedule requests
(4, 3, NULL, '2025-01-25', 5, NULL, 'reschedule', NULL, NULL, 'pending', '2025-01-14 13:00:00+07', 10, NULL, NULL, 'Family emergency, need to reschedule from morning to evening', NULL),
(5, 6, NULL, '2025-01-18', NULL, NULL, 'reschedule', NULL, NULL, 'approved', '2025-12-20 14:00:00+07', 13, 2, '2025-12-22 10:00:00+07', 'Medical procedure, reschedule to later date', 'Approved rescheduling'),
(6, 1, NULL, NULL, NULL, NULL, 'reschedule', NULL, NULL, 'approved', '2025-12-15 10:00:00+07', 8, 4, '2025-12-16 15:00:00+07', 'Severe weather forecast, request change offline to hybrid', 'Approved due to weather'),
(7, 8, NULL, NULL, NULL, NULL, 'reschedule', NULL, NULL, 'pending', '2025-01-17 09:00:00+07', 15, NULL, NULL, 'Request to change online class to offline for better interaction', NULL);

-- Replacement Skill Assessment (some students have prior assessments)
INSERT INTO replacement_skill_assessment (id, student_id, skill, level_id, score, assessment_date, assessment_type, note, assessed_by, created_at, updated_at) VALUES
(1, 3, 'general', 1, 35, '2025-10-01', 'placement_test', 'Initial placement test before enrollment', 4, '2025-10-01 14:00:00+07', '2025-10-01 14:00:00+07'),
(2, 3, 'reading', 1, 40, '2025-10-01', 'placement_test', 'Reading component', 4, '2025-10-01 14:00:00+07', '2025-10-01 14:00:00+07'),
(3, 3, 'listening', 1, 30, '2025-10-01', 'placement_test', 'Listening component', 4, '2025-10-01 14:00:00+07', '2025-10-01 14:00:00+07'),
(4, 15, 'general', 1, 38, '2025-10-02', 'self_assessment', 'Self-reported previous study', NULL, '2025-10-02 10:00:00+07', '2025-10-02 10:00:00+07'),
(5, 44, 'general', 2, 55, '2025-09-10', 'placement_test', 'Intermediate level placement', 4, '2025-09-10 15:00:00+07', '2025-09-10 15:00:00+07'),
(6, 44, 'writing', 2, 50, '2025-09-10', 'placement_test', 'Writing skills assessment', 4, '2025-09-10 15:00:00+07', '2025-09-10 15:00:00+07'),
(7, 44, 'speaking', 2, 60, '2025-09-10', 'placement_test', 'Speaking skills assessment', 4, '2025-09-10 15:00:00+07', '2025-09-10 15:00:00+07'),
(8, 51, 'general', 2, 52, '2025-09-12', 'ielts', 'Official IELTS score - band 5.2', NULL, '2025-09-12 10:00:00+07', '2025-09-12 10:00:00+07'),
(9, 51, 'reading', 2, 55, '2025-09-12', 'ielts', 'IELTS Reading 5.5', NULL, '2025-09-12 10:00:00+07', '2025-09-12 10:00:00+07'),
(10, 51, 'listening', 2, 50, '2025-09-12', 'ielts', 'IELTS Listening 5.0', NULL, '2025-09-12 10:00:00+07', '2025-09-12 10:00:00+07');

SELECT setval('feedback_question_id_seq', 10, true);
SELECT setval('student_request_id_seq', 20, true);
SELECT setval('teacher_request_id_seq', 10, true);
SELECT setval('replacement_skill_assessment_id_seq', 20, true);

-- Foundation Course Sessions (24 sessions, 6 per phase)
INSERT INTO course_session (id, phase_id, sequence_no, topic, student_task, skill_set, created_at, updated_at) VALUES
-- Phase 1: Foundation Skills (6 sessions)
(1, 1, 1, 'Introduction to English Alphabet and Basic Sounds', 'Practice pronunciation of vowels and consonants', ARRAY['listening','speaking']::skill_enum[], '2025-08-15 10:00:00+07', '2025-08-15 10:00:00+07'),
(2, 1, 2, 'Greetings and Self-Introduction', 'Introduce yourself and practice greeting conversations', ARRAY['speaking','listening']::skill_enum[], '2025-08-15 10:00:00+07', '2025-08-15 10:00:00+07'),
(3, 1, 3, 'Numbers, Days, and Months', 'Complete exercises on numbers 1-100, days of week', ARRAY['reading','writing']::skill_enum[], '2025-08-15 10:00:00+07', '2025-08-15 10:00:00+07'),
(4, 1, 4, 'Common Everyday Vocabulary - Family and Home', 'Learn and use 50 words related to family and home', ARRAY['reading','writing','speaking']::skill_enum[], '2025-08-15 10:00:00+07', '2025-08-15 10:00:00+07'),
(5, 1, 5, 'Simple Questions and Answers - Wh-questions', 'Practice asking and answering What, Where, Who questions', ARRAY['speaking','listening']::skill_enum[], '2025-08-15 10:00:00+07', '2025-08-15 10:00:00+07'),
(6, 1, 6, 'Basic Listening Comprehension', 'Listen to simple dialogues and answer comprehension questions', ARRAY['listening']::skill_enum[], '2025-08-15 10:00:00+07', '2025-08-15 10:00:00+07'),

-- Phase 2: Basic Grammar & Vocabulary (6 sessions)
(7, 2, 1, 'Present Simple Tense - Affirmative', 'Write 10 sentences about daily routines', ARRAY['writing','reading']::skill_enum[], '2025-08-15 10:00:00+07', '2025-08-15 10:00:00+07'),
(8, 2, 2, 'Present Simple Tense - Negative and Questions', 'Complete grammar exercises, create questions about habits', ARRAY['writing','speaking']::skill_enum[], '2025-08-15 10:00:00+07', '2025-08-15 10:00:00+07'),
(9, 2, 3, 'Common Verbs and Action Words', 'Learn 100 common verbs, create action sentences', ARRAY['reading','writing']::skill_enum[], '2025-08-15 10:00:00+07', '2025-08-15 10:00:00+07'),
(10, 2, 4, 'Prepositions of Time and Place', 'Complete fill-in-the-blank exercises with prepositions', ARRAY['writing']::skill_enum[], '2025-08-15 10:00:00+07', '2025-08-15 10:00:00+07'),
(11, 2, 5, 'Adjectives and Descriptions', 'Describe people and objects using adjectives', ARRAY['speaking','writing']::skill_enum[], '2025-08-15 10:00:00+07', '2025-08-15 10:00:00+07'),
(12, 2, 6, 'Vocabulary Building - Food and Shopping', 'Role-play shopping dialogues, learn food vocabulary', ARRAY['speaking','listening']::skill_enum[], '2025-08-15 10:00:00+07', '2025-08-15 10:00:00+07'),

-- Phase 3: Reading & Listening Practice (6 sessions)
(13, 3, 1, 'Reading Simple Texts - Personal Information', 'Read short passages and answer questions', ARRAY['reading']::skill_enum[], '2025-08-15 10:00:00+07', '2025-08-15 10:00:00+07'),
(14, 3, 2, 'Reading Simple Texts - Daily Activities', 'Comprehension exercises on daily routine passages', ARRAY['reading']::skill_enum[], '2025-08-15 10:00:00+07', '2025-08-15 10:00:00+07'),
(15, 3, 3, 'Listening to Simple Conversations', 'Listen to dialogues and identify key information', ARRAY['listening']::skill_enum[], '2025-08-15 10:00:00+07', '2025-08-15 10:00:00+07'),
(16, 3, 4, 'Listening for Specific Information', 'Practice note-taking while listening', ARRAY['listening','writing']::skill_enum[], '2025-08-15 10:00:00+07', '2025-08-15 10:00:00+07'),
(17, 3, 5, 'Reading Comprehension Practice', 'Read passages and answer True/False/Not Given questions', ARRAY['reading']::skill_enum[], '2025-08-15 10:00:00+07', '2025-08-15 10:00:00+07'),
(18, 3, 6, 'Integrated Skills - Reading and Speaking', 'Read a text and discuss the content', ARRAY['reading','speaking']::skill_enum[], '2025-08-15 10:00:00+07', '2025-08-15 10:00:00+07'),

-- Phase 4: Writing & Speaking Introduction (6 sessions)
(19, 4, 1, 'Basic Sentence Construction', 'Write simple sentences about yourself and family', ARRAY['writing']::skill_enum[], '2025-08-15 10:00:00+07', '2025-08-15 10:00:00+07'),
(20, 4, 2, 'Paragraph Writing - My Day', 'Write a paragraph (50 words) about your daily routine', ARRAY['writing']::skill_enum[], '2025-08-15 10:00:00+07', '2025-08-15 10:00:00+07'),
(21, 4, 3, 'Speaking Practice - Describing People and Places', 'Describe your family members and hometown', ARRAY['speaking']::skill_enum[], '2025-08-15 10:00:00+07', '2025-08-15 10:00:00+07'),
(22, 4, 4, 'Pronunciation Focus - Word Stress', 'Practice word stress patterns in common words', ARRAY['speaking','listening']::skill_enum[], '2025-08-15 10:00:00+07', '2025-08-15 10:00:00+07'),
(23, 4, 5, 'Speaking Practice - Role Plays', 'Perform role-plays: at a restaurant, at a store', ARRAY['speaking','listening']::skill_enum[], '2025-08-15 10:00:00+07', '2025-08-15 10:00:00+07'),
(24, 4, 6, 'Writing and Speaking Review', 'Write about a topic and present it to the class', ARRAY['writing','speaking']::skill_enum[], '2025-08-15 10:00:00+07', '2025-08-15 10:00:00+07');

-- Intermediate Course Sessions (30 sessions, 7-8 per phase)
INSERT INTO course_session (id, phase_id, sequence_no, topic, student_task, skill_set, created_at, updated_at) VALUES
-- Phase 1: Intermediate Grammar & Vocabulary (8 sessions)
(25, 5, 1, 'Review of Tenses - Present Perfect vs Past Simple', 'Complete grammar exercises distinguishing tenses', ARRAY['writing','reading']::skill_enum[], '2025-07-10 11:00:00+07', '2025-07-10 11:00:00+07'),
(26, 5, 2, 'Future Forms - Will, Going to, Present Continuous', 'Write predictions and plans using different future forms', ARRAY['writing']::skill_enum[], '2025-07-10 11:00:00+07', '2025-07-10 11:00:00+07'),
(27, 5, 3, 'Conditionals Type 1 and 2', 'Create conditional sentences about real and hypothetical situations', ARRAY['writing','speaking']::skill_enum[], '2025-07-10 11:00:00+07', '2025-07-10 11:00:00+07'),
(28, 5, 4, 'Passive Voice - Formation and Use', 'Transform active sentences to passive, discuss usage', ARRAY['writing','reading']::skill_enum[], '2025-07-10 11:00:00+07', '2025-07-10 11:00:00+07'),
(29, 5, 5, 'Academic Vocabulary Building - Education and Work', 'Learn 100 academic words, use in context', ARRAY['reading','writing']::skill_enum[], '2025-07-10 11:00:00+07', '2025-07-10 11:00:00+07'),
(30, 5, 6, 'Reported Speech and Reporting Verbs', 'Practice reporting what others said', ARRAY['writing','speaking']::skill_enum[], '2025-07-10 11:00:00+07', '2025-07-10 11:00:00+07'),
(31, 5, 7, 'Relative Clauses - Defining and Non-defining', 'Combine sentences using relative pronouns', ARRAY['writing']::skill_enum[], '2025-07-10 11:00:00+07', '2025-07-10 11:00:00+07'),
(32, 5, 8, 'Modal Verbs for Speculation and Deduction', 'Practice using modals to express certainty and possibility', ARRAY['speaking','writing']::skill_enum[], '2025-07-10 11:00:00+07', '2025-07-10 11:00:00+07'),

-- Phase 2: Reading & Listening Strategies (7 sessions)
(33, 6, 1, 'IELTS Reading - Skimming and Scanning', 'Practice speed reading techniques on academic texts', ARRAY['reading']::skill_enum[], '2025-07-10 11:00:00+07', '2025-07-10 11:00:00+07'),
(34, 6, 2, 'IELTS Reading - Multiple Choice Questions', 'Complete MCQ exercises from past IELTS papers', ARRAY['reading']::skill_enum[], '2025-07-10 11:00:00+07', '2025-07-10 11:00:00+07'),
(35, 6, 3, 'IELTS Reading - True/False/Not Given', 'Practice distinguishing fact from inference', ARRAY['reading']::skill_enum[], '2025-07-10 11:00:00+07', '2025-07-10 11:00:00+07'),
(36, 6, 4, 'IELTS Listening - Section 1 and 2 (Social Contexts)', 'Practice form-filling and note-taking', ARRAY['listening','writing']::skill_enum[], '2025-07-10 11:00:00+07', '2025-07-10 11:00:00+07'),
(37, 6, 5, 'IELTS Listening - Section 3 and 4 (Academic Contexts)', 'Listen to lectures and discussions, answer questions', ARRAY['listening']::skill_enum[], '2025-07-10 11:00:00+07', '2025-07-10 11:00:00+07'),
(38, 6, 6, 'Reading - Matching Headings and Information', 'Practice matching exercises on various topics', ARRAY['reading']::skill_enum[], '2025-07-10 11:00:00+07', '2025-07-10 11:00:00+07'),
(39, 6, 7, 'Integrated Practice - Reading and Listening', 'Complete a mock test combining both skills', ARRAY['reading','listening']::skill_enum[], '2025-07-10 11:00:00+07', '2025-07-10 11:00:00+07'),

-- Phase 3: Writing Task 1 & 2 (8 sessions)
(40, 7, 1, 'IELTS Writing Task 1 - Line Graphs', 'Describe trends and changes shown in line graphs', ARRAY['writing']::skill_enum[], '2025-07-10 11:00:00+07', '2025-07-10 11:00:00+07'),
(41, 7, 2, 'IELTS Writing Task 1 - Bar Charts and Pie Charts', 'Compare data from charts using appropriate language', ARRAY['writing']::skill_enum[], '2025-07-10 11:00:00+07', '2025-07-10 11:00:00+07'),
(42, 7, 3, 'IELTS Writing Task 1 - Tables and Processes', 'Describe processes and interpret table data', ARRAY['writing']::skill_enum[], '2025-07-10 11:00:00+07', '2025-07-10 11:00:00+07'),
(43, 7, 4, 'IELTS Writing Task 2 - Opinion Essays', 'Write a 250-word opinion essay on a given topic', ARRAY['writing']::skill_enum[], '2025-07-10 11:00:00+07', '2025-07-10 11:00:00+07'),
(44, 7, 5, 'IELTS Writing Task 2 - Discussion Essays', 'Discuss both sides of an argument and give opinion', ARRAY['writing']::skill_enum[], '2025-07-10 11:00:00+07', '2025-07-10 11:00:00+07'),
(45, 7, 6, 'IELTS Writing Task 2 - Problem-Solution Essays', 'Identify problems and propose solutions', ARRAY['writing']::skill_enum[], '2025-07-10 11:00:00+07', '2025-07-10 11:00:00+07'),
(46, 7, 7, 'Essay Structure and Coherence', 'Learn to organize ideas with linking devices', ARRAY['writing']::skill_enum[], '2025-07-10 11:00:00+07', '2025-07-10 11:00:00+07'),
(47, 7, 8, 'Writing Practice and Peer Review', 'Complete timed writing tasks and review peer work', ARRAY['writing']::skill_enum[], '2025-07-10 11:00:00+07', '2025-07-10 11:00:00+07'),

-- Phase 4: Speaking Part 1, 2, 3 (7 sessions)
(48, 8, 1, 'IELTS Speaking Part 1 - Personal Questions', 'Practice answering questions about yourself', ARRAY['speaking']::skill_enum[], '2025-07-10 11:00:00+07', '2025-07-10 11:00:00+07'),
(49, 8, 2, 'IELTS Speaking Part 2 - Individual Long Turn', 'Prepare and deliver 2-minute talks on various topics', ARRAY['speaking']::skill_enum[], '2025-07-10 11:00:00+07', '2025-07-10 11:00:00+07'),
(50, 8, 3, 'IELTS Speaking Part 3 - Discussion', 'Engage in abstract discussions on social issues', ARRAY['speaking']::skill_enum[], '2025-07-10 11:00:00+07', '2025-07-10 11:00:00+07'),
(51, 8, 4, 'Fluency and Coherence Development', 'Practice speaking without long pauses, use discourse markers', ARRAY['speaking']::skill_enum[], '2025-07-10 11:00:00+07', '2025-07-10 11:00:00+07'),
(52, 8, 5, 'Pronunciation and Intonation', 'Work on sentence stress and intonation patterns', ARRAY['speaking']::skill_enum[], '2025-07-10 11:00:00+07', '2025-07-10 11:00:00+07'),
(53, 8, 6, 'Vocabulary Range for Speaking', 'Use topic-specific vocabulary in speaking tasks', ARRAY['speaking']::skill_enum[], '2025-07-10 11:00:00+07', '2025-07-10 11:00:00+07'),
(54, 8, 7, 'Mock Speaking Tests and Feedback', 'Complete full speaking tests and receive feedback', ARRAY['speaking']::skill_enum[], '2025-07-10 11:00:00+07', '2025-07-10 11:00:00+07');

-- Advanced Course Sessions (36 sessions, 9 per phase)
INSERT INTO course_session (id, phase_id, sequence_no, topic, student_task, skill_set, created_at, updated_at) VALUES
-- Phase 1: Advanced Vocabulary & Complex Grammar (9 sessions)
(55, 9, 1, 'Advanced Vocabulary - Academic Word List', 'Master 100 AWL words and their collocations', ARRAY['reading','writing']::skill_enum[], '2025-06-05 12:00:00+07', '2025-06-05 12:00:00+07'),
(56, 9, 2, 'Idiomatic Expressions and Phrasal Verbs', 'Learn and use 50 common idioms appropriately', ARRAY['speaking','writing']::skill_enum[], '2025-06-05 12:00:00+07', '2025-06-05 12:00:00+07'),
(57, 9, 3, 'Advanced Grammar - Inversion and Cleft Sentences', 'Use emphatic structures for stylistic effect', ARRAY['writing']::skill_enum[], '2025-06-05 12:00:00+07', '2025-06-05 12:00:00+07'),
(58, 9, 4, 'Nominalization in Academic Writing', 'Transform verbs and adjectives into noun phrases', ARRAY['writing']::skill_enum[], '2025-06-05 12:00:00+07', '2025-06-05 12:00:00+07'),
(59, 9, 5, 'Advanced Conditionals - Mixed and Inversion', 'Practice complex conditional structures', ARRAY['writing','speaking']::skill_enum[], '2025-06-05 12:00:00+07', '2025-06-05 12:00:00+07'),
(60, 9, 6, 'Subjunctive Mood and Formal Structures', 'Use formal language in academic contexts', ARRAY['writing']::skill_enum[], '2025-06-05 12:00:00+07', '2025-06-05 12:00:00+07'),
(61, 9, 7, 'Collocations for High-level Writing', 'Use natural word combinations to improve writing', ARRAY['writing']::skill_enum[], '2025-06-05 12:00:00+07', '2025-06-05 12:00:00+07'),
(62, 9, 8, 'Paraphrasing and Summarizing Techniques', 'Practice advanced paraphrasing for writing and speaking', ARRAY['writing','speaking']::skill_enum[], '2025-06-05 12:00:00+07', '2025-06-05 12:00:00+07'),
(63, 9, 9, 'Complex Sentence Structures', 'Construct sophisticated multi-clause sentences', ARRAY['writing']::skill_enum[], '2025-06-05 12:00:00+07', '2025-06-05 12:00:00+07'),

-- Phase 2: Advanced Reading & Listening (9 sessions)
(64, 10, 1, 'Reading Complex Academic Texts', 'Analyze research papers and academic journals', ARRAY['reading']::skill_enum[], '2025-06-05 12:00:00+07', '2025-06-05 12:00:00+07'),
(65, 10, 2, 'Identifying Writer''s Stance and Tone', 'Recognize implicit meaning and author attitudes', ARRAY['reading']::skill_enum[], '2025-06-05 12:00:00+07', '2025-06-05 12:00:00+07'),
(66, 10, 3, 'Critical Reading and Evaluation', 'Assess arguments and evaluate evidence in texts', ARRAY['reading']::skill_enum[], '2025-06-05 12:00:00+07', '2025-06-05 12:00:00+07'),
(67, 10, 4, 'Advanced IELTS Reading - Speed and Accuracy', 'Complete reading passages in reduced time', ARRAY['reading']::skill_enum[], '2025-06-05 12:00:00+07', '2025-06-05 12:00:00+07'),
(68, 10, 5, 'Listening to Academic Lectures', 'Take notes from extended academic talks', ARRAY['listening','writing']::skill_enum[], '2025-06-05 12:00:00+07', '2025-06-05 12:00:00+07'),
(69, 10, 6, 'Understanding Implied Meaning in Speech', 'Identify speaker attitudes and implied information', ARRAY['listening']::skill_enum[], '2025-06-05 12:00:00+07', '2025-06-05 12:00:00+07'),
(70, 10, 7, 'Listening to Different Accents', 'Practice with British, American, Australian accents', ARRAY['listening']::skill_enum[], '2025-06-05 12:00:00+07', '2025-06-05 12:00:00+07'),
(71, 10, 8, 'Advanced Listening Note-taking', 'Develop efficient note-taking strategies', ARRAY['listening','writing']::skill_enum[], '2025-06-05 12:00:00+07', '2025-06-05 12:00:00+07'),
(72, 10, 9, 'Integrated Skills - Academic Context', 'Combine reading and listening in academic scenarios', ARRAY['reading','listening']::skill_enum[], '2025-06-05 12:00:00+07', '2025-06-05 12:00:00+07'),

-- Phase 3: Academic Writing Mastery (9 sessions)
(73, 11, 1, 'High-level Task 1 - Complex Data Description', 'Describe multiple data sets with sophisticated language', ARRAY['writing']::skill_enum[], '2025-06-05 12:00:00+07', '2025-06-05 12:00:00+07'),
(74, 11, 2, 'Advanced Task 2 - Argumentation Skills', 'Develop strong, well-supported arguments', ARRAY['writing']::skill_enum[], '2025-06-05 12:00:00+07', '2025-06-05 12:00:00+07'),
(75, 11, 3, 'Critical Thinking in Essay Writing', 'Analyze issues from multiple perspectives', ARRAY['writing']::skill_enum[], '2025-06-05 12:00:00+07', '2025-06-05 12:00:00+07'),
(76, 11, 4, 'Coherence and Cohesion at Band 8+', 'Master advanced linking and referencing', ARRAY['writing']::skill_enum[], '2025-06-05 12:00:00+07', '2025-06-05 12:00:00+07'),
(77, 11, 5, 'Lexical Resource Enhancement', 'Use less common vocabulary precisely', ARRAY['writing']::skill_enum[], '2025-06-05 12:00:00+07', '2025-06-05 12:00:00+07'),
(78, 11, 6, 'Grammatical Accuracy for High Scores', 'Eliminate errors and use complex structures', ARRAY['writing']::skill_enum[], '2025-06-05 12:00:00+07', '2025-06-05 12:00:00+07'),
(79, 11, 7, 'Writing Under Time Pressure', 'Complete high-quality essays in 40 minutes', ARRAY['writing']::skill_enum[], '2025-06-05 12:00:00+07', '2025-06-05 12:00:00+07'),
(80, 11, 8, 'Self-editing and Error Correction', 'Identify and correct your own writing errors', ARRAY['writing']::skill_enum[], '2025-06-05 12:00:00+07', '2025-06-05 12:00:00+07'),
(81, 11, 9, 'Writing Workshop and Feedback', 'Peer review and teacher feedback sessions', ARRAY['writing']::skill_enum[], '2025-06-05 12:00:00+07', '2025-06-05 12:00:00+07'),

-- Phase 4: Fluency & Pronunciation (9 sessions)
(82, 12, 1, 'Natural Speech Patterns', 'Use connected speech and weak forms', ARRAY['speaking']::skill_enum[], '2025-06-05 12:00:00+07', '2025-06-05 12:00:00+07'),
(83, 12, 2, 'Intonation for Meaning and Attitude', 'Control intonation to convey different meanings', ARRAY['speaking']::skill_enum[], '2025-06-05 12:00:00+07', '2025-06-05 12:00:00+07'),
(84, 12, 3, 'Advanced Speaking Part 2 - Complex Topics', 'Deliver sophisticated talks on abstract topics', ARRAY['speaking']::skill_enum[], '2025-06-05 12:00:00+07', '2025-06-05 12:00:00+07'),
(85, 12, 4, 'Speaking Part 3 - Critical Discussion', 'Engage in philosophical and critical discussions', ARRAY['speaking']::skill_enum[], '2025-06-05 12:00:00+07', '2025-06-05 12:00:00+07'),
(86, 12, 5, 'Lexical Resource in Speaking', 'Use sophisticated vocabulary naturally', ARRAY['speaking']::skill_enum[], '2025-06-05 12:00:00+07', '2025-06-05 12:00:00+07'),
(87, 12, 6, 'Developing Arguments Spontaneously', 'Think and speak critically under time pressure', ARRAY['speaking']::skill_enum[], '2025-06-05 12:00:00+07', '2025-06-05 12:00:00+07'),
(88, 12, 7, 'Pronunciation Clinic - Individual Sounds', 'Perfect difficult sounds and minimal pairs', ARRAY['speaking']::skill_enum[], '2025-06-05 12:00:00+07', '2025-06-05 12:00:00+07'),
(89, 12, 8, 'Fluency at Native-like Speed', 'Speak at natural speed without sacrificing accuracy', ARRAY['speaking']::skill_enum[], '2025-06-05 12:00:00+07', '2025-06-05 12:00:00+07'),
(90, 12, 9, 'Final Speaking Assessment and Feedback', 'Complete full speaking test with detailed feedback', ARRAY['speaking']::skill_enum[], '2025-06-05 12:00:00+07', '2025-06-05 12:00:00+07');

SELECT setval('course_session_id_seq', 100, true);

-- ========== COURSE SESSION - CLO MAPPINGS ==========
-- Map course sessions to CLOs they address

-- Foundation mappings (sample - mapping first few sessions to CLOs)
INSERT INTO course_session_clo_mapping (course_session_id, clo_id, status) VALUES
(1, 1, 'active'), (1, 5, 'active'),
(2, 1, 'active'), (2, 4, 'active'),
(3, 1, 'active'), (3, 3, 'active'),
(7, 2, 'active'), (7, 3, 'active'),
(8, 2, 'active'), (8, 3, 'active'),
(13, 2, 'active'),
(15, 2, 'active'), (15, 5, 'active'),
(19, 4, 'active'),
(20, 4, 'active'),
(21, 4, 'active'),
(24, 4, 'active'), (24, 5, 'active');

-- Intermediate mappings
INSERT INTO course_session_clo_mapping (course_session_id, clo_id, status) VALUES
(25, 6, 'active'),
(26, 6, 'active'),
(33, 7, 'active'),
(34, 7, 'active'),
(40, 8, 'active'),
(43, 8, 'active'),
(48, 9, 'active'),
(49, 9, 'active'),
(50, 9, 'active'),
(51, 9, 'active'), (51, 11, 'active');

-- Advanced mappings
INSERT INTO course_session_clo_mapping (course_session_id, clo_id, status) VALUES
(55, 12, 'active'),
(56, 12, 'active'),
(64, 13, 'active'),
(65, 13, 'active'),
(73, 14, 'active'),
(74, 14, 'active'),
(82, 15, 'active'),
(84, 15, 'active'),
(86, 17, 'active'),
(90, 16, 'active'), (90, 19, 'active');

-- ========== COURSE ASSESSMENT - CLO MAPPINGS ==========
INSERT INTO course_assessment_clo_mapping (course_assessment_id, clo_id, status) VALUES
-- Foundation assessments
(1, 1, 'active'), (1, 3, 'active'),
(2, 2, 'active'), (2, 5, 'active'),
(3, 4, 'active'),
(4, 1, 'active'), (4, 2, 'active'), (4, 3, 'active'), (4, 4, 'active'), (4, 5, 'active'),

-- Intermediate assessments
(5, 6, 'active'),
(6, 7, 'active'), (6, 10, 'active'),
(7, 8, 'active'),
(8, 7, 'active'), (8, 8, 'active'), (8, 9, 'active'), (8, 11, 'active'),
(9, 6, 'active'), (9, 7, 'active'), (9, 8, 'active'), (9, 9, 'active'), (9, 10, 'active'), (9, 11, 'active'),

-- Advanced assessments
(10, 12, 'active'),
(11, 13, 'active'),
(12, 12, 'active'), (12, 13, 'active'), (12, 14, 'active'), (12, 15, 'active'),
(13, 14, 'active'), (13, 15, 'active'), (13, 16, 'active'),
(14, 12, 'active'), (14, 13, 'active'), (14, 14, 'active'), (14, 15, 'active'), (14, 16, 'active'), (14, 17, 'active'), (14, 18, 'active'), (14, 19, 'active');

INSERT INTO session (id, class_id, course_session_id, time_slot_template_id, date, type, status, created_at, updated_at) VALUES
-- Week 1
(1, 1, 1, 1, '2025-11-04', 'class', 'done', '2025-10-25 10:00:00+07', '2025-11-04 12:00:00+07'),
(2, 1, 2, 1, '2025-11-06', 'class', 'done', '2025-10-25 10:00:00+07', '2025-11-06 12:00:00+07'),
(3, 1, 3, 1, '2025-11-08', 'class', 'done', '2025-10-25 10:00:00+07', '2025-11-08 12:00:00+07'),
-- Week 2
(4, 1, 4, 1, '2025-11-11', 'class', 'done', '2025-10-25 10:00:00+07', '2025-11-11 12:00:00+07'),
(5, 1, 5, 1, '2025-11-13', 'class', 'done', '2025-10-25 10:00:00+07', '2025-11-13 12:00:00+07'),
(6, 1, 6, 1, '2025-11-15', 'class', 'done', '2025-10-25 10:00:00+07', '2025-11-15 12:00:00+07'),
-- Week 3
(7, 1, 7, 1, '2025-11-18', 'class', 'done', '2025-10-25 10:00:00+07', '2025-11-18 12:00:00+07'),
(8, 1, 8, 1, '2025-11-20', 'class', 'done', '2025-10-25 10:00:00+07', '2025-11-20 12:00:00+07'),
(9, 1, 9, 1, '2025-11-22', 'class', 'done', '2025-10-25 10:00:00+07', '2025-11-22 12:00:00+07'),
-- Week 4
(10, 1, 10, 1, '2025-11-25', 'class', 'done', '2025-10-25 10:00:00+07', '2025-11-25 12:00:00+07'),
(11, 1, 11, 1, '2025-11-27', 'class', 'done', '2025-10-25 10:00:00+07', '2025-11-27 12:00:00+07'),
(12, 1, 12, 1, '2025-11-29', 'class', 'done', '2025-10-25 10:00:00+07', '2025-11-29 12:00:00+07'),
-- Week 5
(13, 1, 13, 1, '2025-12-02', 'class', 'done', '2025-10-25 10:00:00+07', '2025-12-02 12:00:00+07'),
(14, 1, 14, 1, '2025-12-04', 'class', 'done', '2025-10-25 10:00:00+07', '2025-12-04 12:00:00+07'),
(15, 1, 15, 1, '2025-12-06', 'class', 'done', '2025-10-25 10:00:00+07', '2025-12-06 12:00:00+07'),
-- Week 6
(16, 1, 16, 1, '2025-12-09', 'class', 'done', '2025-10-25 10:00:00+07', '2025-12-09 12:00:00+07'),
(17, 1, 17, 1, '2025-12-11', 'class', 'done', '2025-10-25 10:00:00+07', '2025-12-11 12:00:00+07'),
(18, 1, 18, 1, '2025-12-13', 'class', 'done', '2025-10-25 10:00:00+07', '2025-12-13 12:00:00+07'),
-- Week 7
(19, 1, 19, 1, '2025-12-16', 'class', 'done', '2025-10-25 10:00:00+07', '2025-12-16 12:00:00+07'),
(20, 1, 20, 1, '2025-12-18', 'class', 'done', '2025-10-25 10:00:00+07', '2025-12-18 12:00:00+07'),
(21, 1, 21, 1, '2025-12-20', 'class', 'done', '2025-10-25 10:00:00+07', '2025-12-20 12:00:00+07'),
-- Week 8 (final week - some planned)
(22, 1, 22, 1, '2025-12-23', 'class', 'cancelled', '2025-10-25 10:00:00+07', '2025-12-20 15:00:00+07'), -- Holiday
(23, 1, 23, 1, '2025-12-25', 'class', 'cancelled', '2025-10-25 10:00:00+07', '2025-12-20 15:00:00+07'), -- Christmas
(24, 1, 24, 1, '2025-12-27', 'class', 'planned', '2025-10-25 10:00:00+07', '2025-10-25 10:00:00+07'), -- Future
-- Makeup session for cancelled classes
(25, 1, 23, 1, '2025-01-03', 'class', 'planned', '2025-12-20 16:00:00+07', '2025-12-20 16:00:00+07'),
(26, 1, 24, 1, '2025-01-06', 'class', 'planned', '2025-12-20 16:00:00+07', '2025-12-20 16:00:00+07');

-- Session-Resource assignments for Foundation F1
INSERT INTO session_resource (session_id, resource_id) 
SELECT id, 1 FROM session WHERE id BETWEEN 1 AND 26; -- All in Room 101

-- Teaching Slot assignments for Foundation F1 (Teacher 1 teaches this class)
INSERT INTO teaching_slot (session_id, teacher_id, status)
SELECT id, 1, 'scheduled' FROM session WHERE id BETWEEN 1 AND 21;

-- Session 22-23 were cancelled, no teaching slot needed
-- For makeup sessions
INSERT INTO teaching_slot (session_id, teacher_id, status) VALUES
(25, 1, 'scheduled'),
(26, 1, 'scheduled');

SELECT setval('session_id_seq', 100, true);

INSERT INTO student_session (student_id, session_id, is_makeup, attendance_status, homework_status, recorded_at, updated_at)
SELECT 1, id, false, 'present'::attendance_status_enum, 
  CASE 
    WHEN id <= 10 THEN 'completed'::homework_status_enum
    WHEN id <= 18 THEN 'completed'::homework_status_enum
    ELSE 'incomplete'::homework_status_enum
  END,
  (date + interval '3.5 hours')::timestamptz,
  (date + interval '3.5 hours')::timestamptz
FROM session WHERE id BETWEEN 1 AND 21 AND class_id = 1;

-- Student 2 attendance (1 absence)
INSERT INTO student_session (student_id, session_id, is_makeup, attendance_status, homework_status, recorded_at, updated_at)
SELECT 2, id, false, 
  CASE WHEN id = 5 THEN 'absent'::attendance_status_enum ELSE 'present'::attendance_status_enum END,
  CASE 
    WHEN id = 5 THEN NULL
    WHEN id <= 12 THEN 'completed'::homework_status_enum
    ELSE 'incomplete'::homework_status_enum
  END,
  (date + interval '3.5 hours')::timestamptz,
  (date + interval '3.5 hours')::timestamptz
FROM session WHERE id BETWEEN 1 AND 21 AND class_id = 1;

-- Student 3 attendance (2 absences)
INSERT INTO student_session (student_id, session_id, is_makeup, attendance_status, homework_status, recorded_at, updated_at)
SELECT 3, id, false,
  CASE WHEN id IN (7, 15) THEN 'absent'::attendance_status_enum ELSE 'present'::attendance_status_enum END,
  CASE 
    WHEN id IN (7, 15) THEN NULL
    WHEN id <= 10 THEN 'completed'::homework_status_enum
    ELSE 'incomplete'::homework_status_enum
  END,
  (date + interval '3.5 hours')::timestamptz,
  (date + interval '3.5 hours')::timestamptz
FROM session WHERE id BETWEEN 1 AND 21 AND class_id = 1;

-- Student 4 attendance (mostly present, mixed homework)
INSERT INTO student_session (student_id, session_id, is_makeup, attendance_status, homework_status, recorded_at, updated_at)
SELECT 4, id, false,
  CASE WHEN id = 12 THEN 'absent'::attendance_status_enum ELSE 'present'::attendance_status_enum END,
  CASE 
    WHEN id = 12 THEN NULL
    WHEN id % 3 = 0 THEN 'completed'::homework_status_enum
    WHEN id % 3 = 1 THEN 'incomplete'::homework_status_enum
    ELSE 'no_homework'::homework_status_enum
  END,
  (date + interval '3.5 hours')::timestamptz,
  (date + interval '3.5 hours')::timestamptz
FROM session WHERE id BETWEEN 1 AND 21 AND class_id = 1;

-- Student 5 attendance (good attendance)
INSERT INTO student_session (student_id, session_id, is_makeup, attendance_status, homework_status, recorded_at, updated_at)
SELECT 5, id, false, 'present'::attendance_status_enum,
  CASE 
    WHEN id <= 15 THEN 'completed'::homework_status_enum
    ELSE 'incomplete'::homework_status_enum
  END,
  (date + interval '3.5 hours')::timestamptz,
  (date + interval '3.5 hours')::timestamptz
FROM session WHERE id BETWEEN 1 AND 21 AND class_id = 1;

-- Future sessions (planned status)
INSERT INTO student_session (student_id, session_id, is_makeup, attendance_status, homework_status, updated_at)
SELECT s.id, sess.id, false, 'planned'::attendance_status_enum, NULL, CURRENT_TIMESTAMP
FROM student s, session sess
WHERE s.id BETWEEN 1 AND 5 
  AND sess.id IN (24, 25, 26)
  AND sess.class_id = 1;

-- ========== SAMPLE ASSESSMENT INSTANCES & SCORES ==========

-- Assessment 1: Quiz 1 for Foundation F1 (after session 12 - completed)
INSERT INTO assessment (id, class_id, course_assessment_id, scheduled_date, actual_date) VALUES
(1, 1, 1, '2025-12-02 08:00:00+07', '2025-12-02 08:00:00+07');

-- Scores for Quiz 1 (5 students)
INSERT INTO score (id, assessment_id, student_id, score, feedback, graded_by, graded_at, updated_at) VALUES
(1, 1, 1, 85.00, 'Excellent grasp of vocabulary. Keep up the good work!', 1, '2025-12-04 10:00:00+07', '2025-12-04 10:00:00+07'),
(2, 1, 2, 72.00, 'Good effort. Review grammar rules for next quiz.', 1, '2025-12-04 10:15:00+07', '2025-12-04 10:15:00+07'),
(3, 1, 3, 68.00, 'Need more practice with tenses. See me for extra help.', 1, '2025-12-04 10:30:00+07', '2025-12-04 10:30:00+07'),
(4, 1, 4, 78.00, 'Well done! Pay attention to spelling.', 1, '2025-12-04 10:45:00+07', '2025-12-04 10:45:00+07'),
(5, 1, 5, 91.00, 'Outstanding! Very strong vocabulary knowledge.', 1, '2025-12-04 11:00:00+07', '2025-12-04 11:00:00+07');

-- Assessment 2: Midterm for Foundation F1 (scheduled after session 18)
INSERT INTO assessment (id, class_id, course_assessment_id, scheduled_date, actual_date) VALUES
(2, 1, 2, '2025-12-16 08:00:00+07', '2025-12-16 08:00:00+07');

-- Scores for Midterm (5 students)
INSERT INTO score (id, assessment_id, student_id, score, feedback, graded_by, graded_at, updated_at) VALUES
(6, 2, 1, 88.00, 'Excellent performance in both reading and listening!', 1, '2025-12-18 14:00:00+07', '2025-12-18 14:00:00+07'),
(7, 2, 2, 75.00, 'Good improvement since Quiz 1. Keep practicing listening.', 1, '2025-12-18 14:15:00+07', '2025-12-18 14:15:00+07'),
(8, 2, 3, 70.00, 'Making progress. Focus on reading comprehension strategies.', 1, '2025-12-18 14:30:00+07', '2025-12-18 14:30:00+07'),
(9, 2, 4, 80.00, 'Very good! Strong listening skills shown.', 1, '2025-12-18 14:45:00+07', '2025-12-18 14:45:00+07'),
(10, 2, 5, 92.00, 'Excellent work! You''re on track for band 4.0+', 1, '2025-12-18 15:00:00+07', '2025-12-18 15:00:00+07');

-- Assessment 3: Quiz 2 (planned for future)
INSERT INTO assessment (id, class_id, course_assessment_id, scheduled_date, actual_date) VALUES
(3, 1, 3, '2025-01-08 08:00:00+07', NULL);

SELECT setval('assessment_id_seq', 10, true);
SELECT setval('score_id_seq', 20, true);

INSERT INTO session (id, class_id, course_session_id, time_slot_template_id, date, type, status, created_at, updated_at) VALUES
-- Week 1-2 (Nov 5 - Nov 16)
(101, 2, 1, 5, '2025-09-30', 'class', 'done', '2025-09-20 10:00:00+07', '2025-09-30 22:00:00+07'),
(102, 2, 2, 5, '2025-10-02', 'class', 'done', '2025-09-20 10:00:00+07', '2025-10-02 22:00:00+07'),
(103, 2, 3, 5, '2025-10-04', 'class', 'done', '2025-09-20 10:00:00+07', '2025-10-04 22:00:00+07'),
(104, 2, 4, 5, '2025-10-07', 'class', 'done', '2025-09-20 10:00:00+07', '2025-10-07 22:00:00+07'),
(105, 2, 5, 5, '2025-10-09', 'class', 'done', '2025-09-20 10:00:00+07', '2025-10-09 22:00:00+07'),
(106, 2, 6, 5, '2025-10-11', 'class', 'done', '2025-09-20 10:00:00+07', '2025-10-11 22:00:00+07'),
-- Week 3 (Oct 14 - Oct 21)
(107, 2, 7, 5, '2025-10-14', 'class', 'done', '2025-09-20 10:00:00+07', '2025-10-14 22:00:00+07'),
(108, 2, 8, 5, '2025-10-16', 'class', 'done', '2025-09-20 10:00:00+07', '2025-10-16 22:00:00+07'),
(109, 2, 9, 5, '2025-10-18', 'class', 'done', '2025-09-20 10:00:00+07', '2025-10-18 22:00:00+07'),
(110, 2, 10, 5, '2025-10-21', 'class', 'done', '2025-09-20 10:00:00+07', '2025-10-21 22:00:00+07'),
-- Week 4 (Oct 23 - Oct 30)
(111, 2, 11, 5, '2025-10-23', 'class', 'done', '2025-09-20 10:00:00+07', '2025-10-23 22:00:00+07'),
(112, 2, 12, 5, '2025-10-25', 'class', 'done', '2025-09-20 10:00:00+07', '2025-10-25 22:00:00+07'),
(113, 2, 13, 5, '2025-10-28', 'class', 'done', '2025-09-20 10:00:00+07', '2025-10-28 22:00:00+07'),
(114, 2, 14, 5, '2025-10-30', 'class', 'done', '2025-09-20 10:00:00+07', '2025-10-30 22:00:00+07'),
-- Week 5-6 (Nov 01 - Nov 22)
(115, 2, 15, 5, '2025-11-01', 'class', 'planned', '2025-09-20 10:00:00+07', '2025-09-20 10:00:00+07'),
(116, 2, 16, 5, '2025-11-04', 'class', 'planned', '2025-09-20 10:00:00+07', '2025-09-20 10:00:00+07'),
(117, 2, 17, 5, '2025-11-06', 'class', 'planned', '2025-09-20 10:00:00+07', '2025-09-20 10:00:00+07'),
(118, 2, 18, 5, '2025-11-08', 'class', 'planned', '2025-09-20 10:00:00+07', '2025-09-20 10:00:00+07'),
(119, 2, 19, 5, '2025-11-11', 'class', 'planned', '2025-09-20 10:00:00+07', '2025-09-20 10:00:00+07'),
(120, 2, 20, 5, '2025-11-13', 'class', 'planned', '2025-09-20 10:00:00+07', '2025-09-20 10:00:00+07'),
(121, 2, 21, 5, '2025-11-15', 'class', 'planned', '2025-09-20 10:00:00+07', '2025-09-20 10:00:00+07'),
(122, 2, 22, 5, '2025-11-18', 'class', 'planned', '2025-09-20 10:00:00+07', '2025-09-20 10:00:00+07'),
(123, 2, 23, 5, '2025-11-20', 'class', 'planned', '2025-09-20 10:00:00+07', '2025-09-20 10:00:00+07'),
(124, 2, 24, 5, '2025-11-22', 'class', 'planned', '2025-09-20 10:00:00+07', '2025-09-20 10:00:00+07');

-- Session-Resource assignments for F2 (Zoom Room 1)
INSERT INTO session_resource (session_id, resource_id)
SELECT id, 5 FROM session WHERE id BETWEEN 101 AND 124;

-- Teaching assignments for F2 (Teacher 2)
INSERT INTO teaching_slot (session_id, teacher_id, status)
SELECT id, 2, 'scheduled' FROM session WHERE id BETWEEN 101 AND 124;

-- ========== FOUNDATION F3 SESSIONS (Hybrid, Mon/Wed/Fri 13:30-17:00) ==========
-- Class 3: Foundation F3 - Started Nov 6, 2025 (Wednesday), Teachers 1 and 8 (hybrid)

INSERT INTO session (id, class_id, course_session_id, time_slot_template_id, date, type, status, created_at, updated_at) VALUES
-- Week 1-2 (Nov 6 - Nov 22)
(201, 3, 1, 3, '2025-11-06', 'class', 'done', '2025-10-27 10:00:00+07', '2025-11-06 17:30:00+07'),
(202, 3, 2, 3, '2025-11-08', 'class', 'done', '2025-10-27 10:00:00+07', '2025-11-08 17:30:00+07'),
(203, 3, 3, 3, '2025-11-11', 'class', 'done', '2025-10-27 10:00:00+07', '2025-11-11 17:30:00+07'),
(204, 3, 4, 3, '2025-11-13', 'class', 'done', '2025-10-27 10:00:00+07', '2025-11-13 17:30:00+07'),
(205, 3, 5, 3, '2025-11-15', 'class', 'done', '2025-10-27 10:00:00+07', '2025-11-15 17:30:00+07'),
(206, 3, 6, 3, '2025-11-18', 'class', 'done', '2025-10-27 10:00:00+07', '2025-11-18 17:30:00+07'),
-- Week 3-4 (Nov 20 - Dec 6)
(207, 3, 7, 3, '2025-11-20', 'class', 'done', '2025-10-27 10:00:00+07', '2025-11-20 17:30:00+07'),
(208, 3, 8, 3, '2025-11-22', 'class', 'done', '2025-10-27 10:00:00+07', '2025-11-22 17:30:00+07'),
(209, 3, 9, 3, '2025-11-25', 'class', 'done', '2025-10-27 10:00:00+07', '2025-11-25 17:30:00+07'),
(210, 3, 10, 3, '2025-11-27', 'class', 'done', '2025-10-27 10:00:00+07', '2025-11-27 17:30:00+07'),
(211, 3, 11, 3, '2025-11-29', 'class', 'done', '2025-10-27 10:00:00+07', '2025-11-29 17:30:00+07'),
(212, 3, 12, 3, '2025-12-02', 'class', 'done', '2025-10-27 10:00:00+07', '2025-12-02 17:30:00+07'),
-- Week 5-6 (Dec 4 - Dec 20)
(213, 3, 13, 3, '2025-12-04', 'class', 'done', '2025-10-27 10:00:00+07', '2025-12-04 17:30:00+07'),
(214, 3, 14, 3, '2025-12-06', 'class', 'done', '2025-10-27 10:00:00+07', '2025-12-06 17:30:00+07'),
(215, 3, 15, 3, '2025-12-09', 'class', 'done', '2025-10-27 10:00:00+07', '2025-12-09 17:30:00+07'),
(216, 3, 16, 3, '2025-12-11', 'class', 'done', '2025-10-27 10:00:00+07', '2025-12-11 17:30:00+07'),
(217, 3, 17, 3, '2025-12-13', 'class', 'done', '2025-10-27 10:00:00+07', '2025-12-13 17:30:00+07'),
(218, 3, 18, 3, '2025-12-16', 'class', 'done', '2025-10-27 10:00:00+07', '2025-12-16 17:30:00+07'),
-- Week 7-8 (Dec 18 - Dec 29)
(219, 3, 19, 3, '2025-12-18', 'class', 'done', '2025-10-27 10:00:00+07', '2025-12-18 17:30:00+07'),
(220, 3, 20, 3, '2025-12-20', 'class', 'done', '2025-10-27 10:00:00+07', '2025-12-20 17:30:00+07'),
(221, 3, 21, 3, '2025-12-23', 'class', 'done', '2025-10-27 10:00:00+07', '2025-12-23 17:30:00+07'),
(222, 3, 22, 3, '2025-12-25', 'class', 'cancelled', '2025-10-27 10:00:00+07', '2025-12-20 10:00:00+07'),
(223, 3, 23, 3, '2025-12-27', 'class', 'planned', '2025-10-27 10:00:00+07', '2025-10-27 10:00:00+07'),
(224, 3, 24, 3, '2025-12-29', 'class', 'planned', '2025-10-27 10:00:00+07', '2025-10-27 10:00:00+07');

-- Session-Resource assignments for F3 (Room 201 + Zoom Room 2 for hybrid)
INSERT INTO session_resource (session_id, resource_id) VALUES
(201, 3), (201, 6), -- hybrid needs both physical and virtual
(202, 3), (202, 6),
(203, 3), (203, 6),
(204, 3), (204, 6),
(205, 3), (205, 6),
(206, 3), (206, 6),
(207, 3), (207, 6),
(208, 3), (208, 6),
(209, 3), (209, 6),
(210, 3), (210, 6),
(211, 3), (211, 6),
(212, 3), (212, 6),
(213, 3), (213, 6),
(214, 3), (214, 6),
(215, 3), (215, 6),
(216, 3), (216, 6),
(217, 3), (217, 6),
(218, 3), (218, 6),
(219, 3), (219, 6),
(220, 3), (220, 6),
(221, 3), (221, 6),
(223, 3), (223, 6),
(224, 3), (224, 6);

-- Teaching assignments for F3 (Teacher 1 primary, Teacher 8 assistant for some sessions)
INSERT INTO teaching_slot (session_id, teacher_id, status)
SELECT id, 1, 'scheduled' FROM session WHERE id BETWEEN 201 AND 224 AND id != 222;

-- Teacher 8 assists in some sessions (every 3rd session)
INSERT INTO teaching_slot (session_id, teacher_id, status) VALUES
(203, 8, 'scheduled'),
(206, 8, 'scheduled'),
(209, 8, 'scheduled'),
(212, 8, 'scheduled'),
(215, 8, 'scheduled'),
(218, 8, 'scheduled'),
(221, 8, 'scheduled');

-- ========== INTERMEDIATE I1 SESSIONS (Sample - first 10 sessions) ==========
-- Class 4: Intermediate I1 - Started Oct 14, 2025 (Monday), 30 sessions total
-- For brevity, showing first 10 sessions as example

INSERT INTO session (id, class_id, course_session_id, time_slot_template_id, date, type, status, created_at, updated_at) VALUES
(301, 4, 25, 1, '2025-10-14', 'class', 'done', '2025-09-30 10:00:00+07', '2025-10-14 12:00:00+07'),
(302, 4, 26, 1, '2025-10-16', 'class', 'done', '2025-09-30 10:00:00+07', '2025-10-16 12:00:00+07'),
(303, 4, 27, 1, '2025-10-18', 'class', 'done', '2025-09-30 10:00:00+07', '2025-10-18 12:00:00+07'),
(304, 4, 28, 1, '2025-10-21', 'class', 'done', '2025-09-30 10:00:00+07', '2025-10-21 12:00:00+07'),
(305, 4, 29, 1, '2025-10-23', 'class', 'done', '2025-09-30 10:00:00+07', '2025-10-23 12:00:00+07'),
(306, 4, 30, 1, '2025-10-25', 'class', 'done', '2025-09-30 10:00:00+07', '2025-10-25 12:00:00+07'),
(307, 4, 31, 1, '2025-10-28', 'class', 'done', '2025-09-30 10:00:00+07', '2025-10-28 12:00:00+07'),
(308, 4, 32, 1, '2025-10-30', 'class', 'done', '2025-09-30 10:00:00+07', '2025-10-30 12:00:00+07'),
(309, 4, 33, 1, '2025-11-01', 'class', 'done', '2025-09-30 10:00:00+07', '2025-11-01 12:00:00+07'),
(310, 4, 34, 1, '2025-11-04', 'class', 'done', '2025-09-30 10:00:00+07', '2025-11-04 12:00:00+07');

-- Session-Resource assignments for I1 (Room 102)
INSERT INTO session_resource (session_id, resource_id)
SELECT id, 2 FROM session WHERE id BETWEEN 301 AND 310;

-- Teaching assignments for I1 (Teacher 2)
INSERT INTO teaching_slot (session_id, teacher_id, status)
SELECT id, 2, 'scheduled' FROM session WHERE id BETWEEN 301 AND 310;

-- ========== ADVANCED A1 SESSIONS (Sample - first 10 sessions) ==========
-- Class 7: Advanced A1 - Started Sep 16, 2025 (Monday), 36 sessions total

INSERT INTO session (id, class_id, course_session_id, time_slot_template_id, date, type, status, created_at, updated_at) VALUES
(401, 7, 55, 1, '2025-09-16', 'class', 'done', '2025-08-30 10:00:00+07', '2025-09-16 12:00:00+07'),
(402, 7, 56, 1, '2025-09-18', 'class', 'done', '2025-08-30 10:00:00+07', '2025-09-18 12:00:00+07'),
(403, 7, 57, 1, '2025-09-20', 'class', 'done', '2025-08-30 10:00:00+07', '2025-09-20 12:00:00+07'),
(404, 7, 58, 1, '2025-09-23', 'class', 'done', '2025-08-30 10:00:00+07', '2025-09-23 12:00:00+07'),
(405, 7, 59, 1, '2025-09-25', 'class', 'done', '2025-08-30 10:00:00+07', '2025-09-25 12:00:00+07'),
(406, 7, 60, 1, '2025-09-27', 'class', 'done', '2025-08-30 10:00:00+07', '2025-09-27 12:00:00+07'),
(407, 7, 61, 1, '2025-09-30', 'class', 'done', '2025-08-30 10:00:00+07', '2025-09-30 12:00:00+07'),
(408, 7, 62, 1, '2025-10-02', 'class', 'done', '2025-08-30 10:00:00+07', '2025-10-02 12:00:00+07'),
(409, 7, 63, 1, '2025-10-04', 'class', 'done', '2025-08-30 10:00:00+07', '2025-10-04 12:00:00+07'),
(410, 7, 64, 1, '2025-10-07', 'class', 'done', '2025-08-30 10:00:00+07', '2025-10-07 12:00:00+07');

-- Session-Resource assignments for A1 (Room 201)
INSERT INTO session_resource (session_id, resource_id)
SELECT id, 3 FROM session WHERE id BETWEEN 401 AND 410;

-- Teaching assignments for A1 (Teacher 3)
INSERT INTO teaching_slot (session_id, teacher_id, status)
SELECT id, 3, 'scheduled' FROM session WHERE id BETWEEN 401 AND 410;

-- ========== EXTENDED ATTENDANCE RECORDS ==========

-- Foundation F2 attendance (sample for 5 students from the 18 enrolled)
-- Students 6-10 attendance for first 15 sessions

DO $$
DECLARE
  student_num INT;
  session_num INT;
BEGIN
  FOR student_num IN 6..10 LOOP
    FOR session_num IN 101..115 LOOP
      INSERT INTO student_session (student_id, session_id, is_makeup, attendance_status, homework_status, recorded_at, updated_at)
      SELECT 
        student_num,
        session_num,
        false,
        CASE 
          WHEN student_num = 6 THEN 'present'::attendance_status_enum -- perfect attendance
          WHEN student_num = 7 AND session_num IN (105, 110) THEN 'absent'::attendance_status_enum
          WHEN student_num = 8 AND session_num = 108 THEN 'absent'::attendance_status_enum
          ELSE 'present'::attendance_status_enum
        END,
        CASE 
          WHEN student_num = 6 THEN 'completed'::homework_status_enum
          WHEN student_num = 7 AND session_num IN (105, 110) THEN NULL
          WHEN student_num = 8 AND session_num = 108 THEN NULL
          WHEN session_num % 2 = 0 THEN 'completed'::homework_status_enum
          ELSE 'incomplete'::homework_status_enum
        END,
        (SELECT date + interval '3.5 hours' FROM session WHERE id = session_num)::timestamptz,
        (SELECT date + interval '3.5 hours' FROM session WHERE id = session_num)::timestamptz;
    END LOOP;
  END LOOP;
END $$;

-- Foundation F3 attendance (sample for students 24-28)
DO $$
DECLARE
  student_num INT;
  session_num INT;
BEGIN
  FOR student_num IN 24..28 LOOP
    FOR session_num IN 201..221 LOOP
      INSERT INTO student_session (student_id, session_id, is_makeup, attendance_status, homework_status, recorded_at, updated_at)
      SELECT 
        student_num,
        session_num,
        false,
        CASE 
          WHEN student_num = 24 AND session_num IN (207, 215) THEN 'absent'::attendance_status_enum
          WHEN student_num = 26 AND session_num = 210 THEN 'absent'::attendance_status_enum
          ELSE 'present'::attendance_status_enum
        END,
        CASE 
          WHEN student_num = 24 AND session_num IN (207, 215) THEN NULL
          WHEN student_num = 26 AND session_num = 210 THEN NULL
          WHEN student_num = 24 THEN 'completed'::homework_status_enum
          WHEN session_num < 210 THEN 'completed'::homework_status_enum
          ELSE 'incomplete'::homework_status_enum
        END,
        (SELECT date + interval '3.5 hours' FROM session WHERE id = session_num)::timestamptz,
        (SELECT date + interval '3.5 hours' FROM session WHERE id = session_num)::timestamptz;
    END LOOP;
  END LOOP;
END $$;

-- ========== ADDITIONAL ASSESSMENT INSTANCES & SCORES ==========

-- Assessment for Foundation F2 - Quiz 1
INSERT INTO assessment (id, class_id, course_assessment_id, scheduled_date, actual_date) VALUES
(4, 2, 1, '2025-12-03 18:00:00+07', '2025-12-03 18:00:00+07');

-- Scores for F2 Quiz 1 (sample 8 students)
INSERT INTO score (id, assessment_id, student_id, score, feedback, graded_by, graded_at, updated_at) VALUES
(11, 4, 6, 82.00, 'Very good vocabulary knowledge!', 2, '2025-12-05 10:00:00+07', '2025-12-05 10:00:00+07'),
(12, 4, 7, 76.00, 'Good work, improve grammar accuracy', 2, '2025-12-05 10:15:00+07', '2025-12-05 10:15:00+07'),
(13, 4, 8, 88.00, 'Excellent! Keep it up!', 2, '2025-12-05 10:30:00+07', '2025-12-05 10:30:00+07'),
(14, 4, 9, 74.00, 'Solid effort, practice more writing', 2, '2025-12-05 10:45:00+07', '2025-12-05 10:45:00+07'),
(15, 4, 10, 79.00, 'Well done! Good progress', 2, '2025-12-05 11:00:00+07', '2025-12-05 11:00:00+07'),
(16, 4, 11, 85.00, 'Very strong performance', 2, '2025-12-05 11:15:00+07', '2025-12-05 11:15:00+07'),
(17, 4, 12, 71.00, 'Need more practice with tenses', 2, '2025-12-05 11:30:00+07', '2025-12-05 11:30:00+07'),
(18, 4, 13, 90.00, 'Outstanding work!', 2, '2025-12-05 11:45:00+07', '2025-12-05 11:45:00+07');

-- Assessment for Foundation F3 - Quiz 1
INSERT INTO assessment (id, class_id, course_assessment_id, scheduled_date, actual_date) VALUES
(5, 3, 1, '2025-12-04 13:30:00+07', '2025-12-04 13:30:00+07');

-- Scores for F3 Quiz 1 (sample 10 students)
INSERT INTO score (id, assessment_id, student_id, score, feedback, graded_by, graded_at, updated_at) VALUES
(19, 5, 24, 87.00, 'Excellent vocabulary! Minor spelling errors', 1, '2025-12-06 14:00:00+07', '2025-12-06 14:00:00+07'),
(20, 5, 25, 81.00, 'Very good, work on verb forms', 1, '2025-12-06 14:15:00+07', '2025-12-06 14:15:00+07'),
(21, 5, 26, 73.00, 'Good effort, review prepositions', 1, '2025-12-06 14:30:00+07', '2025-12-06 14:30:00+07'),
(22, 5, 27, 92.00, 'Outstanding! Perfect grammar', 1, '2025-12-06 14:45:00+07', '2025-12-06 14:45:00+07'),
(23, 5, 28, 78.00, 'Solid work, keep practicing', 1, '2025-12-06 15:00:00+07', '2025-12-06 15:00:00+07'),
(24, 5, 29, 84.00, 'Very good progress!', 1, '2025-12-06 15:15:00+07', '2025-12-06 15:15:00+07'),
(25, 5, 30, 69.00, 'Need more vocabulary practice', 1, '2025-12-06 15:30:00+07', '2025-12-06 15:30:00+07'),
(26, 5, 31, 89.00, 'Excellent work! Great improvement', 1, '2025-12-06 15:45:00+07', '2025-12-06 15:45:00+07'),
(27, 5, 32, 76.00, 'Good job, watch punctuation', 1, '2025-12-06 16:00:00+07', '2025-12-06 16:00:00+07'),
(28, 5, 33, 95.00, 'Perfect score! Outstanding!', 1, '2025-12-06 16:15:00+07', '2025-12-06 16:15:00+07');

-- Assessment for Intermediate I1 - Quiz 1
INSERT INTO assessment (id, class_id, course_assessment_id, scheduled_date, actual_date) VALUES
(6, 4, 5, '2025-11-04 08:00:00+07', '2025-11-04 08:00:00+07');

-- Scores for I1 Quiz 1 (6 students)
INSERT INTO score (id, assessment_id, student_id, score, feedback, graded_by, graded_at, updated_at) VALUES
(29, 6, 44, 78.00, 'Good grasp of intermediate grammar', 2, '2025-11-06 10:00:00+07', '2025-11-06 10:00:00+07'),
(30, 6, 45, 85.00, 'Excellent! Strong vocabulary', 2, '2025-11-06 10:15:00+07', '2025-11-06 10:15:00+07'),
(31, 6, 46, 72.00, 'Review conditional structures', 2, '2025-11-06 10:30:00+07', '2025-11-06 10:30:00+07'),
(32, 6, 47, 88.00, 'Very strong performance!', 2, '2025-11-06 10:45:00+07', '2025-11-06 10:45:00+07'),
(33, 6, 48, 81.00, 'Well done! Good progress', 2, '2025-11-06 11:00:00+07', '2025-11-06 11:00:00+07'),
(34, 6, 49, 76.00, 'Solid work, practice passive voice', 2, '2025-11-06 11:15:00+07', '2025-11-06 11:15:00+07');

-- ========== STUDENT FEEDBACK SUBMISSIONS ==========

-- Feedback for Foundation F1 after Phase 2 (12 sessions completed)
INSERT INTO student_feedback (id, student_id, class_id, phase_id, is_feedback, submitted_at, response) VALUES
(1, 1, 1, 2, true, '2025-12-03 10:00:00+07', 'The teacher explains very clearly. I understand grammar much better now.'),
(2, 2, 1, 2, true, '2025-12-03 11:00:00+07', 'Good course materials. Would like more speaking practice.'),
(3, 3, 1, 2, true, '2025-12-04 09:00:00+07', 'Very helpful lessons. The pace is just right for me.'),
(4, 5, 1, 2, true, '2025-12-04 14:00:00+07', 'Excellent teacher! I am learning so much. Thank you!');

-- Feedback responses (rating questions 1-5)
INSERT INTO student_feedback_response (id, feedback_id, question_id, rating) VALUES
-- Student 1 responses
(1, 1, 1, 5), (2, 1, 2, 5), (3, 1, 3, 4), (4, 1, 4, 4), (5, 1, 5, 5),
-- Student 2 responses
(6, 2, 1, 4), (7, 2, 2, 4), (8, 2, 3, 4), (9, 2, 4, 3), (10, 2, 5, 4),
-- Student 3 responses
(11, 3, 1, 4), (12, 3, 2, 5), (13, 3, 3, 4), (14, 3, 4, 4), (15, 3, 5, 4),
-- Student 5 responses
(16, 4, 1, 5), (17, 4, 2, 5), (18, 4, 3, 5), (19, 4, 4, 5), (20, 4, 5, 5);

-- Feedback for Foundation F2 after Phase 2
INSERT INTO student_feedback (id, student_id, class_id, phase_id, is_feedback, submitted_at, response) VALUES
(5, 6, 2, 2, true, '2025-12-05 20:00:00+07', 'Online classes are very convenient. Teacher is great!'),
(6, 8, 2, 2, true, '2025-12-06 19:30:00+07', 'I like the interactive activities. Very engaging!'),
(7, 11, 2, 2, true, '2025-12-07 18:45:00+07', 'The Zoom platform works well. Good learning experience.');

INSERT INTO student_feedback_response (id, feedback_id, question_id, rating) VALUES
-- Student 6 responses
(21, 5, 1, 5), (22, 5, 2, 5), (23, 5, 3, 4), (24, 5, 4, 5), (25, 5, 5, 5),
-- Student 8 responses
(26, 6, 1, 5), (27, 6, 2, 4), (28, 6, 3, 5), (29, 6, 4, 4), (30, 6, 5, 5),
-- Student 11 responses
(31, 7, 1, 4), (32, 7, 2, 4), (33, 7, 3, 4), (34, 7, 4, 4), (35, 7, 5, 4);

-- Feedback for Foundation F3 after Phase 2
INSERT INTO student_feedback (id, student_id, class_id, phase_id, is_feedback, submitted_at, response) VALUES
(8, 24, 3, 2, true, '2025-12-05 18:00:00+07', 'Hybrid model is perfect! I can join online when needed.'),
(9, 27, 3, 2, true, '2025-12-06 17:30:00+07', 'Excellent teaching! Both teachers are very professional.'),
(10, 30, 3, 2, true, '2025-12-07 16:45:00+07', 'Great class atmosphere. Learning a lot!');

INSERT INTO student_feedback_response (id, feedback_id, question_id, rating) VALUES
-- Student 24 responses
(36, 8, 1, 5), (37, 8, 2, 5), (38, 8, 3, 5), (39, 8, 4, 5), (40, 8, 5, 5),
-- Student 27 responses
(41, 9, 1, 5), (42, 9, 2, 5), (43, 9, 3, 4), (44, 9, 4, 5), (45, 9, 5, 5),
-- Student 30 responses
(46, 10, 1, 4), (47, 10, 2, 5), (48, 10, 3, 4), (49, 10, 4, 4), (50, 10, 5, 5);

-- ========== QA REPORTS ==========

INSERT INTO qa_report (id, class_id, session_id, phase_id, reported_by, report_type, status, findings, action_items, created_at, updated_at) VALUES
(1, 1, 7, 2, 6, 'classroom_observation', 'completed', 
 'Observed Session 7 (Phase 2, Session 1). Teacher demonstrated excellent command of grammar explanations. Students were engaged and participated actively in exercises. Classroom management was effective.',
 'Recommendation: Continue current teaching approach. Consider adding more pair work activities to increase student interaction.',
 '2025-11-18 13:00:00+07', '2025-11-20 10:00:00+07'),

(2, 2, 107, 2, 6, 'classroom_observation', 'completed',
 'Observed Online Session 107 (Phase 2). Teacher effectively used Zoom breakout rooms for group activities. Good use of screen sharing for presenting grammar structures. Audio quality was excellent.',
 'Recommendation: Implement more interactive polls during sessions. Consider recording sessions for absent students.',
 '2025-11-19 20:00:00+07', '2025-11-21 14:00:00+07'),

(3, 3, 210, 2, 6, 'classroom_observation', 'completed',
 'Observed Hybrid Session 210. Both in-person and online students were well-engaged. Teacher managed dual delivery effectively. Technical setup (camera, microphone) worked smoothly.',
 'Recommendation: Ensure online students can see the whiteboard clearly. Current setup is working well.',
 '2025-11-27 18:00:00+07', '2025-11-29 11:00:00+07'),

(4, 1, NULL, 2, 6, 'material_review', 'completed',
 'Reviewed course materials for Foundation Phase 2. Materials are well-structured and aligned with learning objectives. Exercises are appropriate for the level.',
 'Suggestion: Add more visual aids (pictures, diagrams) to vocabulary exercises. Consider providing answer keys for self-study materials.',
 '2025-12-01 10:00:00+07', '2025-12-03 15:00:00+07'),

(5, 4, 305, 1, 6, 'classroom_observation', 'completed',
 'Observed Intermediate I1 Session 305. Teacher effectively taught complex grammar (passive voice) with clear examples. Students demonstrated good comprehension through practice exercises.',
 'Recommendation: Provide additional practice materials for weaker students. Overall teaching quality is excellent.',
 '2025-10-23 13:00:00+07', '2025-10-25 16:00:00+07');

-- ========== COURSE MATERIALS ==========

INSERT INTO course_material (id, course_id, phase_id, course_session_id, title, description, material_type, url, uploaded_by, uploaded_at, updated_at) VALUES
-- Foundation Course Materials
(1, 1, 1, 1, 'English Alphabet Pronunciation Guide', 'Video guide for pronunciation of English alphabet and basic sounds', 'video', 'https://tms-edu.vn/materials/foundation/phase1/alphabet-pronunciation.mp4', 3, '2025-08-20 10:00:00+07', '2025-08-20 10:00:00+07'),
(2, 1, 1, 2, 'Greetings and Introductions Slides', 'PowerPoint presentation on common greetings and self-introduction phrases', 'slide', 'https://tms-edu.vn/materials/foundation/phase1/greetings-intro.pptx', 3, '2025-08-20 10:30:00+07', '2025-08-20 10:30:00+07'),
(3, 1, 1, 3, 'Numbers Workbook', 'PDF workbook with exercises on numbers, days, and months', 'pdf', 'https://tms-edu.vn/materials/foundation/phase1/numbers-workbook.pdf', 3, '2025-08-20 11:00:00+07', '2025-08-20 11:00:00+07'),
(4, 1, 2, 7, 'Present Simple Tense Guide', 'Comprehensive guide to present simple tense with examples', 'pdf', 'https://tms-edu.vn/materials/foundation/phase2/present-simple-guide.pdf', 3, '2025-08-21 09:00:00+07', '2025-08-21 09:00:00+07'),
(5, 1, 2, 12, 'Food and Shopping Vocabulary List', 'Vocabulary list with images and audio pronunciation', 'document', 'https://tms-edu.vn/materials/foundation/phase2/food-shopping-vocab.docx', 3, '2025-08-21 10:00:00+07', '2025-08-21 10:00:00+07'),
(6, 1, 3, 13, 'Reading Comprehension Practice', 'Collection of simple reading passages with questions', 'pdf', 'https://tms-edu.vn/materials/foundation/phase3/reading-practice.pdf', 3, '2025-08-22 09:00:00+07', '2025-08-22 09:00:00+07'),
(7, 1, 3, 15, 'Listening Audio Files', 'Audio files for listening comprehension practice', 'audio', 'https://tms-edu.vn/materials/foundation/phase3/listening-audio.zip', 3, '2025-08-22 10:00:00+07', '2025-08-22 10:00:00+07'),
(8, 1, 4, 20, 'Paragraph Writing Template', 'Template and guide for writing basic paragraphs', 'pdf', 'https://tms-edu.vn/materials/foundation/phase4/paragraph-template.pdf', 3, '2025-08-23 09:00:00+07', '2025-08-23 09:00:00+07'),

-- Intermediate Course Materials
(9, 2, 5, 25, 'Tenses Review Chart', 'Comprehensive chart comparing all English tenses', 'pdf', 'https://tms-edu.vn/materials/intermediate/phase1/tenses-review.pdf', 3, '2025-07-15 10:00:00+07', '2025-07-15 10:00:00+07'),
(10, 2, 5, 28, 'Passive Voice Exercises', 'Practice exercises for passive voice transformation', 'pdf', 'https://tms-edu.vn/materials/intermediate/phase1/passive-exercises.pdf', 3, '2025-07-15 11:00:00+07', '2025-07-15 11:00:00+07'),
(11, 2, 6, 33, 'IELTS Reading Strategies Video', 'Video tutorial on skimming and scanning techniques', 'video', 'https://tms-edu.vn/materials/intermediate/phase2/reading-strategies.mp4', 3, '2025-07-16 10:00:00+07', '2025-07-16 10:00:00+07'),
(12, 2, 7, 40, 'Task 1 Sample Answers', 'Collection of high-scoring IELTS Writing Task 1 samples', 'pdf', 'https://tms-edu.vn/materials/intermediate/phase3/task1-samples.pdf', 3, '2025-07-17 10:00:00+07', '2025-07-17 10:00:00+07'),
(13, 2, 8, 48, 'Speaking Part 1 Question Bank', 'Common IELTS Speaking Part 1 questions with model answers', 'document', 'https://tms-edu.vn/materials/intermediate/phase4/speaking-part1-questions.docx', 3, '2025-07-18 10:00:00+07', '2025-07-18 10:00:00+07'),

-- Advanced Course Materials
(14, 3, 9, 55, 'Academic Word List with Examples', 'Comprehensive AWL with context and collocations', 'pdf', 'https://tms-edu.vn/materials/advanced/phase1/awl-examples.pdf', 3, '2025-06-10 10:00:00+07', '2025-06-10 10:00:00+07'),
(15, 3, 10, 64, 'Academic Journal Reading Pack', 'Selection of academic articles for critical reading practice', 'pdf', 'https://tms-edu.vn/materials/advanced/phase2/journal-articles.pdf', 3, '2025-06-11 10:00:00+07', '2025-06-11 10:00:00+07'),
(16, 3, 11, 73, 'Band 8+ Writing Samples', 'High-scoring essay examples with annotations', 'pdf', 'https://tms-edu.vn/materials/advanced/phase3/band8-essays.pdf', 3, '2025-06-12 10:00:00+07', '2025-06-12 10:00:00+07'),
(17, 3, 12, 82, 'Pronunciation Clinic Videos', 'Video series on advanced pronunciation techniques', 'video', 'https://tms-edu.vn/materials/advanced/phase4/pronunciation-clinic.mp4', 3, '2025-06-13 10:00:00+07', '2025-06-13 10:00:00+07');

-- Update sequences
SELECT setval('session_id_seq', 500, true);
SELECT setval('assessment_id_seq', 20, true);
SELECT setval('score_id_seq', 50, true);
SELECT setval('student_feedback_id_seq', 20, true);
SELECT setval('student_feedback_response_id_seq', 100, true);
SELECT setval('qa_report_id_seq', 10, true);
SELECT setval('course_material_id_seq', 30, true);

INSERT INTO session (id, class_id, course_session_id, time_slot_template_id, date, type, status, created_at, updated_at) VALUES
-- Week 4-5
(311, 4, 35, 1, '2025-11-06', 'class', 'done', '2025-09-30 10:00:00+07', '2025-11-06 12:00:00+07'),
(312, 4, 36, 1, '2025-11-08', 'class', 'done', '2025-09-30 10:00:00+07', '2025-11-08 12:00:00+07'),
(313, 4, 37, 1, '2025-11-11', 'class', 'done', '2025-09-30 10:00:00+07', '2025-11-11 12:00:00+07'),
(314, 4, 38, 1, '2025-11-13', 'class', 'done', '2025-09-30 10:00:00+07', '2025-11-13 12:00:00+07'),
(315, 4, 39, 1, '2025-11-15', 'class', 'done', '2025-09-30 10:00:00+07', '2025-11-15 12:00:00+07'),
-- Week 6-7
(316, 4, 40, 1, '2025-11-18', 'class', 'done', '2025-09-30 10:00:00+07', '2025-11-18 12:00:00+07'),
(317, 4, 41, 1, '2025-11-20', 'class', 'done', '2025-09-30 10:00:00+07', '2025-11-20 12:00:00+07'),
(318, 4, 42, 1, '2025-11-22', 'class', 'done', '2025-09-30 10:00:00+07', '2025-11-22 12:00:00+07'),
(319, 4, 43, 1, '2025-11-25', 'class', 'done', '2025-09-30 10:00:00+07', '2025-11-25 12:00:00+07'),
(320, 4, 44, 1, '2025-11-27', 'class', 'done', '2025-09-30 10:00:00+07', '2025-11-27 12:00:00+07'),
-- Week 8-9
(321, 4, 45, 1, '2025-11-29', 'class', 'done', '2025-09-30 10:00:00+07', '2025-11-29 12:00:00+07'),
(322, 4, 46, 1, '2025-12-02', 'class', 'done', '2025-09-30 10:00:00+07', '2025-12-02 12:00:00+07'),
(323, 4, 47, 1, '2025-12-04', 'class', 'done', '2025-09-30 10:00:00+07', '2025-12-04 12:00:00+07'),
(324, 4, 48, 1, '2025-12-06', 'class', 'done', '2025-09-30 10:00:00+07', '2025-12-06 12:00:00+07'),
(325, 4, 49, 1, '2025-12-09', 'class', 'done', '2025-09-30 10:00:00+07', '2025-12-09 12:00:00+07'),
-- Week 10 (final week)
(326, 4, 50, 1, '2025-12-11', 'class', 'done', '2025-09-30 10:00:00+07', '2025-12-11 12:00:00+07'),
(327, 4, 51, 1, '2025-12-13', 'class', 'done', '2025-09-30 10:00:00+07', '2025-12-13 12:00:00+07'),
(328, 4, 52, 1, '2025-12-16', 'class', 'done', '2025-09-30 10:00:00+07', '2025-12-16 12:00:00+07'),
(329, 4, 53, 1, '2025-12-18', 'class', 'done', '2025-09-30 10:00:00+07', '2025-12-18 12:00:00+07'),
(330, 4, 54, 1, '2025-12-20', 'class', 'planned', '2025-09-30 10:00:00+07', '2025-09-30 10:00:00+07');

INSERT INTO session_resource (session_id, resource_id)
SELECT id, 2 FROM session WHERE id BETWEEN 311 AND 330;

INSERT INTO teaching_slot (session_id, teacher_id, status)
SELECT id, 2, 'scheduled' FROM session WHERE id BETWEEN 311 AND 330;

-- ========== INTERMEDIATE I2 SESSIONS (Online, Tue/Thu/Sat 18:00-21:30) ==========
-- Class 5: I2 started Oct 15, 2025 (Tuesday), 30 sessions, Teacher 5

INSERT INTO session (id, class_id, course_session_id, time_slot_template_id, date, type, status, created_at, updated_at) VALUES
-- Week 1-2
(501, 5, 25, 5, '2025-10-15', 'class', 'done', '2025-10-01 10:00:00+07', '2025-10-15 22:00:00+07'),
(502, 5, 26, 5, '2025-10-17', 'class', 'done', '2025-10-01 10:00:00+07', '2025-10-17 22:00:00+07'),
(503, 5, 27, 5, '2025-10-19', 'class', 'done', '2025-10-01 10:00:00+07', '2025-10-19 22:00:00+07'),
(504, 5, 28, 5, '2025-10-22', 'class', 'done', '2025-10-01 10:00:00+07', '2025-10-22 22:00:00+07'),
(505, 5, 29, 5, '2025-10-24', 'class', 'done', '2025-10-01 10:00:00+07', '2025-10-24 22:00:00+07'),
(506, 5, 30, 5, '2025-10-26', 'class', 'done', '2025-10-01 10:00:00+07', '2025-10-26 22:00:00+07'),
-- Week 3-4
(507, 5, 31, 5, '2025-10-29', 'class', 'done', '2025-10-01 10:00:00+07', '2025-10-29 22:00:00+07'),
(508, 5, 32, 5, '2025-10-31', 'class', 'done', '2025-10-01 10:00:00+07', '2025-10-31 22:00:00+07'),
(509, 5, 33, 5, '2025-11-02', 'class', 'done', '2025-10-01 10:00:00+07', '2025-11-02 22:00:00+07'),
(510, 5, 34, 5, '2025-11-05', 'class', 'done', '2025-10-01 10:00:00+07', '2025-11-05 22:00:00+07'),
(511, 5, 35, 5, '2025-11-07', 'class', 'done', '2025-10-01 10:00:00+07', '2025-11-07 22:00:00+07'),
(512, 5, 36, 5, '2025-11-09', 'class', 'done', '2025-10-01 10:00:00+07', '2025-11-09 22:00:00+07'),
-- Week 5-6
(513, 5, 37, 5, '2025-11-12', 'class', 'done', '2025-10-01 10:00:00+07', '2025-11-12 22:00:00+07'),
(514, 5, 38, 5, '2025-11-14', 'class', 'done', '2025-10-01 10:00:00+07', '2025-11-14 22:00:00+07'),
(515, 5, 39, 5, '2025-11-16', 'class', 'done', '2025-10-01 10:00:00+07', '2025-11-16 22:00:00+07'),
(516, 5, 40, 5, '2025-11-19', 'class', 'done', '2025-10-01 10:00:00+07', '2025-11-19 22:00:00+07'),
(517, 5, 41, 5, '2025-11-21', 'class', 'done', '2025-10-01 10:00:00+07', '2025-11-21 22:00:00+07'),
(518, 5, 42, 5, '2025-11-23', 'class', 'done', '2025-10-01 10:00:00+07', '2025-11-23 22:00:00+07'),
-- Week 7-8
(519, 5, 43, 5, '2025-11-26', 'class', 'done', '2025-10-01 10:00:00+07', '2025-11-26 22:00:00+07'),
(520, 5, 44, 5, '2025-11-28', 'class', 'done', '2025-10-01 10:00:00+07', '2025-11-28 22:00:00+07'),
(521, 5, 45, 5, '2025-11-30', 'class', 'done', '2025-10-01 10:00:00+07', '2025-11-30 22:00:00+07'),
(522, 5, 46, 5, '2025-12-03', 'class', 'done', '2025-10-01 10:00:00+07', '2025-12-03 22:00:00+07'),
(523, 5, 47, 5, '2025-12-05', 'class', 'done', '2025-10-01 10:00:00+07', '2025-12-05 22:00:00+07'),
(524, 5, 48, 5, '2025-12-07', 'class', 'done', '2025-10-01 10:00:00+07', '2025-12-07 22:00:00+07'),
-- Week 9-10
(525, 5, 49, 5, '2025-12-10', 'class', 'done', '2025-10-01 10:00:00+07', '2025-12-10 22:00:00+07'),
(526, 5, 50, 5, '2025-12-12', 'class', 'done', '2025-10-01 10:00:00+07', '2025-12-12 22:00:00+07'),
(527, 5, 51, 5, '2025-12-14', 'class', 'done', '2025-10-01 10:00:00+07', '2025-12-14 22:00:00+07'),
(528, 5, 52, 5, '2025-12-17', 'class', 'done', '2025-10-01 10:00:00+07', '2025-12-17 22:00:00+07'),
(529, 5, 53, 5, '2025-12-19', 'class', 'done', '2025-10-01 10:00:00+07', '2025-12-19 22:00:00+07'),
(530, 5, 54, 5, '2025-12-21', 'class', 'planned', '2025-10-01 10:00:00+07', '2025-10-01 10:00:00+07');

INSERT INTO session_resource (session_id, resource_id)
SELECT id, 5 FROM session WHERE id BETWEEN 501 AND 530;

INSERT INTO teaching_slot (session_id, teacher_id, status)
SELECT id, 5, 'scheduled' FROM session WHERE id BETWEEN 501 AND 530;

-- ========== INTERMEDIATE I3 SESSIONS (Hybrid, Mon/Wed/Fri 13:30-17:00) ==========
-- Class 6: I3 started Oct 16, 2025 (Wednesday), 30 sessions, Teachers 2 and 8

INSERT INTO session (id, class_id, course_session_id, time_slot_template_id, date, type, status, created_at, updated_at) VALUES
-- Week 1-2
(601, 6, 25, 3, '2025-10-16', 'class', 'done', '2025-10-02 10:00:00+07', '2025-10-16 17:30:00+07'),
(602, 6, 26, 3, '2025-10-18', 'class', 'done', '2025-10-02 10:00:00+07', '2025-10-18 17:30:00+07'),
(603, 6, 27, 3, '2025-10-21', 'class', 'done', '2025-10-02 10:00:00+07', '2025-10-21 17:30:00+07'),
(604, 6, 28, 3, '2025-10-23', 'class', 'done', '2025-10-02 10:00:00+07', '2025-10-23 17:30:00+07'),
(605, 6, 29, 3, '2025-10-25', 'class', 'done', '2025-10-02 10:00:00+07', '2025-10-25 17:30:00+07'),
(606, 6, 30, 3, '2025-10-28', 'class', 'done', '2025-10-02 10:00:00+07', '2025-10-28 17:30:00+07'),
-- Week 3-4
(607, 6, 31, 3, '2025-10-30', 'class', 'done', '2025-10-02 10:00:00+07', '2025-10-30 17:30:00+07'),
(608, 6, 32, 3, '2025-11-01', 'class', 'done', '2025-10-02 10:00:00+07', '2025-11-01 17:30:00+07'),
(609, 6, 33, 3, '2025-11-04', 'class', 'done', '2025-10-02 10:00:00+07', '2025-11-04 17:30:00+07'),
(610, 6, 34, 3, '2025-11-06', 'class', 'done', '2025-10-02 10:00:00+07', '2025-11-06 17:30:00+07'),
(611, 6, 35, 3, '2025-11-08', 'class', 'done', '2025-10-02 10:00:00+07', '2025-11-08 17:30:00+07'),
(612, 6, 36, 3, '2025-11-11', 'class', 'done', '2025-10-02 10:00:00+07', '2025-11-11 17:30:00+07'),
-- Week 5-6
(613, 6, 37, 3, '2025-11-13', 'class', 'done', '2025-10-02 10:00:00+07', '2025-11-13 17:30:00+07'),
(614, 6, 38, 3, '2025-11-15', 'class', 'done', '2025-10-02 10:00:00+07', '2025-11-15 17:30:00+07'),
(615, 6, 39, 3, '2025-11-18', 'class', 'done', '2025-10-02 10:00:00+07', '2025-11-18 17:30:00+07'),
(616, 6, 40, 3, '2025-11-20', 'class', 'done', '2025-10-02 10:00:00+07', '2025-11-20 17:30:00+07'),
(617, 6, 41, 3, '2025-11-22', 'class', 'done', '2025-10-02 10:00:00+07', '2025-11-22 17:30:00+07'),
(618, 6, 42, 3, '2025-11-25', 'class', 'done', '2025-10-02 10:00:00+07', '2025-11-25 17:30:00+07'),
-- Week 7-8
(619, 6, 43, 3, '2025-11-27', 'class', 'done', '2025-10-02 10:00:00+07', '2025-11-27 17:30:00+07'),
(620, 6, 44, 3, '2025-11-29', 'class', 'done', '2025-10-02 10:00:00+07', '2025-11-29 17:30:00+07'),
(621, 6, 45, 3, '2025-12-02', 'class', 'done', '2025-10-02 10:00:00+07', '2025-12-02 17:30:00+07'),
(622, 6, 46, 3, '2025-12-04', 'class', 'done', '2025-10-02 10:00:00+07', '2025-12-04 17:30:00+07'),
(623, 6, 47, 3, '2025-12-06', 'class', 'done', '2025-10-02 10:00:00+07', '2025-12-06 17:30:00+07'),
(624, 6, 48, 3, '2025-12-09', 'class', 'done', '2025-10-02 10:00:00+07', '2025-12-09 17:30:00+07'),
-- Week 9-10
(625, 6, 49, 3, '2025-12-11', 'class', 'done', '2025-10-02 10:00:00+07', '2025-12-11 17:30:00+07'),
(626, 6, 50, 3, '2025-12-13', 'class', 'done', '2025-10-02 10:00:00+07', '2025-12-13 17:30:00+07'),
(627, 6, 51, 3, '2025-12-16', 'class', 'done', '2025-10-02 10:00:00+07', '2025-12-16 17:30:00+07'),
(628, 6, 52, 3, '2025-12-18', 'class', 'done', '2025-10-02 10:00:00+07', '2025-12-18 17:30:00+07'),
(629, 6, 53, 3, '2025-12-20', 'class', 'done', '2025-10-02 10:00:00+07', '2025-12-20 17:30:00+07'),
(630, 6, 54, 3, '2025-12-22', 'class', 'planned', '2025-10-02 10:00:00+07', '2025-10-02 10:00:00+07');

INSERT INTO session_resource (session_id, resource_id)
SELECT id, 4 FROM session WHERE id BETWEEN 601 AND 630
UNION ALL
SELECT id, 6 FROM session WHERE id BETWEEN 601 AND 630; -- Hybrid needs both

INSERT INTO teaching_slot (session_id, teacher_id, status)
SELECT id, 2, 'scheduled' FROM session WHERE id BETWEEN 601 AND 630;

-- Teacher 8 assists
INSERT INTO teaching_slot (session_id, teacher_id, status)
SELECT id, 8, 'scheduled' FROM session WHERE id BETWEEN 601 AND 630 AND id % 4 = 1;

-- ========== REMAINING ADVANCED A1 SESSIONS (26 more sessions) ==========
-- A1 continuing from session 410

INSERT INTO session (id, class_id, course_session_id, time_slot_template_id, date, type, status, created_at, updated_at) VALUES
-- Week 4-6
(411, 7, 65, 1, '2025-10-09', 'class', 'done', '2025-08-30 10:00:00+07', '2025-10-09 12:00:00+07'),
(412, 7, 66, 1, '2025-10-11', 'class', 'done', '2025-08-30 10:00:00+07', '2025-10-11 12:00:00+07'),
(413, 7, 67, 1, '2025-10-14', 'class', 'done', '2025-08-30 10:00:00+07', '2025-10-14 12:00:00+07'),
(414, 7, 68, 1, '2025-10-16', 'class', 'done', '2025-08-30 10:00:00+07', '2025-10-16 12:00:00+07'),
(415, 7, 69, 1, '2025-10-18', 'class', 'done', '2025-08-30 10:00:00+07', '2025-10-18 12:00:00+07'),
(416, 7, 70, 1, '2025-10-21', 'class', 'done', '2025-08-30 10:00:00+07', '2025-10-21 12:00:00+07'),
(417, 7, 71, 1, '2025-10-23', 'class', 'done', '2025-08-30 10:00:00+07', '2025-10-23 12:00:00+07'),
(418, 7, 72, 1, '2025-10-25', 'class', 'done', '2025-08-30 10:00:00+07', '2025-10-25 12:00:00+07'),
-- Week 7-9
(419, 7, 73, 1, '2025-10-28', 'class', 'done', '2025-08-30 10:00:00+07', '2025-10-28 12:00:00+07'),
(420, 7, 74, 1, '2025-10-30', 'class', 'done', '2025-08-30 10:00:00+07', '2025-10-30 12:00:00+07'),
(421, 7, 75, 1, '2025-11-01', 'class', 'done', '2025-08-30 10:00:00+07', '2025-11-01 12:00:00+07'),
(422, 7, 76, 1, '2025-11-04', 'class', 'done', '2025-08-30 10:00:00+07', '2025-11-04 12:00:00+07'),
(423, 7, 77, 1, '2025-11-06', 'class', 'done', '2025-08-30 10:00:00+07', '2025-11-06 12:00:00+07'),
(424, 7, 78, 1, '2025-11-08', 'class', 'done', '2025-08-30 10:00:00+07', '2025-11-08 12:00:00+07'),
(425, 7, 79, 1, '2025-11-11', 'class', 'done', '2025-08-30 10:00:00+07', '2025-11-11 12:00:00+07'),
(426, 7, 80, 1, '2025-11-13', 'class', 'done', '2025-08-30 10:00:00+07', '2025-11-13 12:00:00+07'),
(427, 7, 81, 1, '2025-11-15', 'class', 'done', '2025-08-30 10:00:00+07', '2025-11-15 12:00:00+07'),
-- Week 10-12
(428, 7, 82, 1, '2025-11-18', 'class', 'done', '2025-08-30 10:00:00+07', '2025-11-18 12:00:00+07'),
(429, 7, 83, 1, '2025-11-20', 'class', 'done', '2025-08-30 10:00:00+07', '2025-11-20 12:00:00+07'),
(430, 7, 84, 1, '2025-11-22', 'class', 'done', '2025-08-30 10:00:00+07', '2025-11-22 12:00:00+07'),
(431, 7, 85, 1, '2025-11-25', 'class', 'done', '2025-08-30 10:00:00+07', '2025-11-25 12:00:00+07'),
(432, 7, 86, 1, '2025-11-27', 'class', 'done', '2025-08-30 10:00:00+07', '2025-11-27 12:00:00+07'),
(433, 7, 87, 1, '2025-11-29', 'class', 'done', '2025-08-30 10:00:00+07', '2025-11-29 12:00:00+07'),
(434, 7, 88, 1, '2025-12-02', 'class', 'done', '2025-08-30 10:00:00+07', '2025-12-02 12:00:00+07'),
(435, 7, 89, 1, '2025-12-04', 'class', 'done', '2025-08-30 10:00:00+07', '2025-12-04 12:00:00+07'),
(436, 7, 90, 1, '2025-12-06', 'class', 'planned', '2025-08-30 10:00:00+07', '2025-08-30 10:00:00+07');

INSERT INTO session_resource (session_id, resource_id)
SELECT id, 3 FROM session WHERE id BETWEEN 411 AND 436;

INSERT INTO teaching_slot (session_id, teacher_id, status)
SELECT id, 3, 'scheduled' FROM session WHERE id BETWEEN 411 AND 436;

-- ========== ADVANCED A2 SESSIONS (Online, Tue/Thu/Sat 18:00-21:30) ==========
-- Class 8: A2 started Sep 17, 2025, 36 sessions, Teacher 6

INSERT INTO session (id, class_id, course_session_id, time_slot_template_id, date, type, status, created_at, updated_at) VALUES
-- Week 1-3
(701, 8, 55, 5, '2025-09-17', 'class', 'done', '2025-08-30 11:00:00+07', '2025-09-17 22:00:00+07'),
(702, 8, 56, 5, '2025-09-19', 'class', 'done', '2025-08-30 11:00:00+07', '2025-09-19 22:00:00+07'),
(703, 8, 57, 5, '2025-09-21', 'class', 'done', '2025-08-30 11:00:00+07', '2025-09-21 22:00:00+07'),
(704, 8, 58, 5, '2025-09-24', 'class', 'done', '2025-08-30 11:00:00+07', '2025-09-24 22:00:00+07'),
(705, 8, 59, 5, '2025-09-26', 'class', 'done', '2025-08-30 11:00:00+07', '2025-09-26 22:00:00+07'),
(706, 8, 60, 5, '2025-09-28', 'class', 'done', '2025-08-30 11:00:00+07', '2025-09-28 22:00:00+07'),
(707, 8, 61, 5, '2025-10-01', 'class', 'done', '2025-08-30 11:00:00+07', '2025-10-01 22:00:00+07'),
(708, 8, 62, 5, '2025-10-03', 'class', 'done', '2025-08-30 11:00:00+07', '2025-10-03 22:00:00+07'),
(709, 8, 63, 5, '2025-10-05', 'class', 'done', '2025-08-30 11:00:00+07', '2025-10-05 22:00:00+07'),
-- Week 4-6
(710, 8, 64, 5, '2025-10-08', 'class', 'done', '2025-08-30 11:00:00+07', '2025-10-08 22:00:00+07'),
(711, 8, 65, 5, '2025-10-10', 'class', 'done', '2025-08-30 11:00:00+07', '2025-10-10 22:00:00+07'),
(712, 8, 66, 5, '2025-10-12', 'class', 'done', '2025-08-30 11:00:00+07', '2025-10-12 22:00:00+07'),
(713, 8, 67, 5, '2025-10-15', 'class', 'done', '2025-08-30 11:00:00+07', '2025-10-15 22:00:00+07'),
(714, 8, 68, 5, '2025-10-17', 'class', 'done', '2025-08-30 11:00:00+07', '2025-10-17 22:00:00+07'),
(715, 8, 69, 5, '2025-10-19', 'class', 'done', '2025-08-30 11:00:00+07', '2025-10-19 22:00:00+07'),
(716, 8, 70, 5, '2025-10-22', 'class', 'done', '2025-08-30 11:00:00+07', '2025-10-22 22:00:00+07'),
(717, 8, 71, 5, '2025-10-24', 'class', 'done', '2025-08-30 11:00:00+07', '2025-10-24 22:00:00+07'),
(718, 8, 72, 5, '2025-10-26', 'class', 'done', '2025-08-30 11:00:00+07', '2025-10-26 22:00:00+07'),
-- Week 7-9
(719, 8, 73, 5, '2025-10-29', 'class', 'done', '2025-08-30 11:00:00+07', '2025-10-29 22:00:00+07'),
(720, 8, 74, 5, '2025-10-31', 'class', 'done', '2025-08-30 11:00:00+07', '2025-10-31 22:00:00+07'),
(721, 8, 75, 5, '2025-11-02', 'class', 'done', '2025-08-30 11:00:00+07', '2025-11-02 22:00:00+07'),
(722, 8, 76, 5, '2025-11-05', 'class', 'done', '2025-08-30 11:00:00+07', '2025-11-05 22:00:00+07'),
(723, 8, 77, 5, '2025-11-07', 'class', 'done', '2025-08-30 11:00:00+07', '2025-11-07 22:00:00+07'),
(724, 8, 78, 5, '2025-11-09', 'class', 'done', '2025-08-30 11:00:00+07', '2025-11-09 22:00:00+07'),
(725, 8, 79, 5, '2025-11-12', 'class', 'done', '2025-08-30 11:00:00+07', '2025-11-12 22:00:00+07'),
(726, 8, 80, 5, '2025-11-14', 'class', 'done', '2025-08-30 11:00:00+07', '2025-11-14 22:00:00+07'),
(727, 8, 81, 5, '2025-11-16', 'class', 'done', '2025-08-30 11:00:00+07', '2025-11-16 22:00:00+07'),
-- Week 10-12
(728, 8, 82, 5, '2025-11-19', 'class', 'done', '2025-08-30 11:00:00+07', '2025-11-19 22:00:00+07'),
(729, 8, 83, 5, '2025-11-21', 'class', 'done', '2025-08-30 11:00:00+07', '2025-11-21 22:00:00+07'),
(730, 8, 84, 5, '2025-11-23', 'class', 'done', '2025-08-30 11:00:00+07', '2025-11-23 22:00:00+07'),
(731, 8, 85, 5, '2025-11-26', 'class', 'done', '2025-08-30 11:00:00+07', '2025-11-26 22:00:00+07'),
(732, 8, 86, 5, '2025-11-28', 'class', 'done', '2025-08-30 11:00:00+07', '2025-11-28 22:00:00+07'),
(733, 8, 87, 5, '2025-11-30', 'class', 'done', '2025-08-30 11:00:00+07', '2025-11-30 22:00:00+07'),
(734, 8, 88, 5, '2025-12-03', 'class', 'done', '2025-08-30 11:00:00+07', '2025-12-03 22:00:00+07'),
(735, 8, 89, 5, '2025-12-05', 'class', 'done', '2025-08-30 11:00:00+07', '2025-12-05 22:00:00+07'),
(736, 8, 90, 5, '2025-12-07', 'class', 'planned', '2025-08-30 11:00:00+07', '2025-08-30 11:00:00+07');

INSERT INTO session_resource (session_id, resource_id)
SELECT id, 6 FROM session WHERE id BETWEEN 701 AND 736;

INSERT INTO teaching_slot (session_id, teacher_id, status)
SELECT id, 6, 'scheduled' FROM session WHERE id BETWEEN 701 AND 736;

-- ========== ADVANCED A3 SESSIONS (Hybrid, Mon/Wed/Fri 13:30-17:00) ==========
-- Class 9: A3 started Sep 18, 2025, 36 sessions, Teachers 3 and 6

INSERT INTO session (id, class_id, course_session_id, time_slot_template_id, date, type, status, created_at, updated_at) VALUES
-- Week 1-3
(801, 9, 55, 3, '2025-09-18', 'class', 'done', '2025-08-30 12:00:00+07', '2025-09-18 17:30:00+07'),
(802, 9, 56, 3, '2025-09-20', 'class', 'done', '2025-08-30 12:00:00+07', '2025-09-20 17:30:00+07'),
(803, 9, 57, 3, '2025-09-23', 'class', 'done', '2025-08-30 12:00:00+07', '2025-09-23 17:30:00+07'),
(804, 9, 58, 3, '2025-09-25', 'class', 'done', '2025-08-30 12:00:00+07', '2025-09-25 17:30:00+07'),
(805, 9, 59, 3, '2025-09-27', 'class', 'done', '2025-08-30 12:00:00+07', '2025-09-27 17:30:00+07'),
(806, 9, 60, 3, '2025-09-30', 'class', 'done', '2025-08-30 12:00:00+07', '2025-09-30 17:30:00+07'),
(807, 9, 61, 3, '2025-10-02', 'class', 'done', '2025-08-30 12:00:00+07', '2025-10-02 17:30:00+07'),
(808, 9, 62, 3, '2025-10-04', 'class', 'done', '2025-08-30 12:00:00+07', '2025-10-04 17:30:00+07'),
(809, 9, 63, 3, '2025-10-07', 'class', 'done', '2025-08-30 12:00:00+07', '2025-10-07 17:30:00+07'),
-- Week 4-6
(810, 9, 64, 3, '2025-10-09', 'class', 'done', '2025-08-30 12:00:00+07', '2025-10-09 17:30:00+07'),
(811, 9, 65, 3, '2025-10-11', 'class', 'done', '2025-08-30 12:00:00+07', '2025-10-11 17:30:00+07'),
(812, 9, 66, 3, '2025-10-14', 'class', 'done', '2025-08-30 12:00:00+07', '2025-10-14 17:30:00+07'),
(813, 9, 67, 3, '2025-10-16', 'class', 'done', '2025-08-30 12:00:00+07', '2025-10-16 17:30:00+07'),
(814, 9, 68, 3, '2025-10-18', 'class', 'done', '2025-08-30 12:00:00+07', '2025-10-18 17:30:00+07'),
(815, 9, 69, 3, '2025-10-21', 'class', 'done', '2025-08-30 12:00:00+07', '2025-10-21 17:30:00+07'),
(816, 9, 70, 3, '2025-10-23', 'class', 'done', '2025-08-30 12:00:00+07', '2025-10-23 17:30:00+07'),
(817, 9, 71, 3, '2025-10-25', 'class', 'done', '2025-08-30 12:00:00+07', '2025-10-25 17:30:00+07'),
(818, 9, 72, 3, '2025-10-28', 'class', 'done', '2025-08-30 12:00:00+07', '2025-10-28 17:30:00+07'),
-- Week 7-9
(819, 9, 73, 3, '2025-10-30', 'class', 'done', '2025-08-30 12:00:00+07', '2025-10-30 17:30:00+07'),
(820, 9, 74, 3, '2025-11-01', 'class', 'done', '2025-08-30 12:00:00+07', '2025-11-01 17:30:00+07'),
(821, 9, 75, 3, '2025-11-04', 'class', 'done', '2025-08-30 12:00:00+07', '2025-11-04 17:30:00+07'),
(822, 9, 76, 3, '2025-11-06', 'class', 'done', '2025-08-30 12:00:00+07', '2025-11-06 17:30:00+07'),
(823, 9, 77, 3, '2025-11-08', 'class', 'done', '2025-08-30 12:00:00+07', '2025-11-08 17:30:00+07'),
(824, 9, 78, 3, '2025-11-11', 'class', 'done', '2025-08-30 12:00:00+07', '2025-11-11 17:30:00+07'),
(825, 9, 79, 3, '2025-11-13', 'class', 'done', '2025-08-30 12:00:00+07', '2025-11-13 17:30:00+07'),
(826, 9, 80, 3, '2025-11-15', 'class', 'done', '2025-08-30 12:00:00+07', '2025-11-15 17:30:00+07'),
(827, 9, 81, 3, '2025-11-18', 'class', 'done', '2025-08-30 12:00:00+07', '2025-11-18 17:30:00+07'),
-- Week 10-12
(828, 9, 82, 3, '2025-11-20', 'class', 'done', '2025-08-30 12:00:00+07', '2025-11-20 17:30:00+07'),
(829, 9, 83, 3, '2025-11-22', 'class', 'done', '2025-08-30 12:00:00+07', '2025-11-22 17:30:00+07'),
(830, 9, 84, 3, '2025-11-25', 'class', 'done', '2025-08-30 12:00:00+07', '2025-11-25 17:30:00+07'),
(831, 9, 85, 3, '2025-11-27', 'class', 'done', '2025-08-30 12:00:00+07', '2025-11-27 17:30:00+07'),
(832, 9, 86, 3, '2025-11-29', 'class', 'done', '2025-08-30 12:00:00+07', '2025-11-29 17:30:00+07'),
(833, 9, 87, 3, '2025-12-02', 'class', 'done', '2025-08-30 12:00:00+07', '2025-12-02 17:30:00+07'),
(834, 9, 88, 3, '2025-12-04', 'class', 'done', '2025-08-30 12:00:00+07', '2025-12-04 17:30:00+07'),
(835, 9, 89, 3, '2025-12-06', 'class', 'done', '2025-08-30 12:00:00+07', '2025-12-06 17:30:00+07'),
(836, 9, 90, 3, '2025-12-08', 'class', 'planned', '2025-08-30 12:00:00+07', '2025-08-30 12:00:00+07');

INSERT INTO session_resource (session_id, resource_id)
SELECT id, 4 FROM session WHERE id BETWEEN 801 AND 836
UNION ALL
SELECT id, 6 FROM session WHERE id BETWEEN 801 AND 836;

INSERT INTO teaching_slot (session_id, teacher_id, status)
SELECT id, 3, 'scheduled' FROM session WHERE id BETWEEN 801 AND 836;

-- Teacher 6 co-teaches
INSERT INTO teaching_slot (session_id, teacher_id, status)
SELECT id, 6, 'scheduled' FROM session WHERE id BETWEEN 801 AND 836 AND id % 3 = 0;

-- Update sequence
SELECT setval('session_id_seq', 1000, true);

DO $$
DECLARE
  s_id INT;
  sess_id INT;
BEGIN
  FOR s_id IN 50..59 LOOP
    FOR sess_id IN 501..520 LOOP
      INSERT INTO student_session (student_id, session_id, is_makeup, attendance_status, homework_status, recorded_at, updated_at)
      SELECT 
        s_id,
        sess_id,
        false,
        CASE 
          WHEN random() < 0.95 THEN 'present'::attendance_status_enum
          ELSE 'absent'::attendance_status_enum
        END,
        CASE 
          WHEN random() < 0.7 THEN 'completed'::homework_status_enum
          WHEN random() < 0.9 THEN 'incomplete'::homework_status_enum
          ELSE 'no_homework'::homework_status_enum
        END,
        (SELECT date + interval '3.5 hours' FROM session WHERE id = sess_id)::timestamptz,
        CURRENT_TIMESTAMP;
    END LOOP;
  END LOOP;
END $$;

INSERT INTO assessment (id, class_id, course_assessment_id, scheduled_date, actual_date) VALUES
(7, 4, 6, '2025-11-18 08:00:00+07', '2025-11-18 08:00:00+07');

INSERT INTO score (id, assessment_id, student_id, score, feedback, graded_by, graded_at, updated_at) VALUES
(35, 7, 44, 82.00, 'Strong reading skills, good listening comprehension', 2, '2025-11-20 10:00:00+07', '2025-11-20 10:00:00+07'),
(36, 7, 45, 88.00, 'Excellent performance across all sections', 2, '2025-11-20 10:15:00+07', '2025-11-20 10:15:00+07'),
(37, 7, 46, 75.00, 'Good effort, practice more listening strategies', 2, '2025-11-20 10:30:00+07', '2025-11-20 10:30:00+07'),
(38, 7, 47, 91.00, 'Outstanding! Near perfect score', 2, '2025-11-20 10:45:00+07', '2025-11-20 10:45:00+07'),
(39, 7, 48, 84.00, 'Very good work, consistent performance', 2, '2025-11-20 11:00:00+07', '2025-11-20 11:00:00+07'),
(40, 7, 49, 79.00, 'Solid performance, keep up the good work', 2, '2025-11-20 11:15:00+07', '2025-11-20 11:15:00+07');

-- Advanced A1 Mock Test 1
INSERT INTO assessment (id, class_id, course_assessment_id, scheduled_date, actual_date) VALUES
(8, 7, 12, '2025-11-04 08:00:00+07', '2025-11-04 08:00:00+07');

-- Scores would be IELTS scale (0-9, stored as 0-90)
INSERT INTO score (id, assessment_id, student_id, score, feedback, graded_by, graded_at, updated_at) VALUES
(41, 8, 1, 72.00, 'IELTS 7.2 - Strong overall performance, particularly in reading', 3, '2025-11-06 14:00:00+07', '2025-11-06 14:00:00+07'),
(42, 8, 2, 68.00, 'IELTS 6.8 - Good progress, focus on speaking fluency', 3, '2025-11-06 14:15:00+07', '2025-11-06 14:15:00+07'),
(43, 8, 3, 75.00, 'IELTS 7.5 - Excellent! Very strong writing and speaking', 3, '2025-11-06 14:30:00+07', '2025-11-06 14:30:00+07');

-- ========== MORE QA REPORTS ==========

INSERT INTO qa_report (id, class_id, session_id, phase_id, reported_by, report_type, status, findings, action_items, created_at, updated_at) VALUES
(6, 5, 515, 2, 6, 'classroom_observation', 'completed',
 'Observed Intermediate I2 Online Session 515. Teacher 5 demonstrated excellent online teaching techniques. Breakout rooms were used effectively for group discussions. Students actively participated.',
 'Recommendation: Continue current approach. Consider creating more interactive activities for online format.',
 '2025-11-16 20:00:00+07', '2025-11-18 10:00:00+07'),

(7, 7, 425, 3, 6, 'classroom_observation', 'completed',
 'Observed Advanced A1 Session 425 (Phase 3, Writing). Teacher provided detailed feedback on student essays. Students showed strong understanding of academic writing structures.',
 'Recommendation: Excellent teaching quality. Maintain current feedback approach.',
 '2025-11-11 13:00:00+07', '2025-11-13 15:00:00+07'),

(8, 9, 825, 3, 6, 'classroom_observation', 'completed',
 'Observed Advanced A3 Hybrid Session 825. Both teacher 3 and 6 coordinated well. Technical setup excellent. Online and offline students equally engaged.',
 'Recommendation: Hybrid model working very well for advanced level. Continue current approach.',
 '2025-11-13 18:00:00+07', '2025-11-15 11:00:00+07');

-- ========== MORE STUDENT FEEDBACK ==========

INSERT INTO student_feedback (id, student_id, class_id, phase_id, is_feedback, submitted_at, response) VALUES
(11, 44, 4, 2, true, '2025-11-20 10:00:00+07', 'Excellent course! Teacher explains IELTS strategies very clearly.'),
(12, 47, 4, 2, true, '2025-11-21 09:00:00+07', 'Very helpful materials. I feel more confident for the IELTS test now.');

INSERT INTO student_feedback_response (id, feedback_id, question_id, rating) VALUES
(51, 11, 1, 5), (52, 11, 2, 5), (53, 11, 3, 5), (54, 11, 4, 4), (55, 11, 5, 5),
(56, 12, 1, 5), (57, 12, 2, 4), (58, 12, 3, 5), (59, 12, 4, 5), (60, 12, 5, 5);

-- Update sequences
SELECT setval('assessment_id_seq', 20, true);
SELECT setval('score_id_seq', 100, true);
SELECT setval('qa_report_id_seq', 20, true);
SELECT setval('student_feedback_id_seq', 30, true);
SELECT setval('student_feedback_response_id_seq', 150, true);

-- Makeup session 250: For course_session_id = 5 (matches session 105)
INSERT INTO session (id, class_id, course_session_id, time_slot_template_id, date, type, status, created_at, updated_at) 
VALUES (250, 3, 5, 3, CURRENT_DATE + INTERVAL '7 days', 'class', 'planned', CURRENT_TIMESTAMP, CURRENT_TIMESTAMP)
ON CONFLICT (id) DO UPDATE SET 
    date = CURRENT_DATE + INTERVAL '7 days',
    status = 'planned',
    updated_at = CURRENT_TIMESTAMP;

-- Makeup session 251: Another option for course_session_id = 5
INSERT INTO session (id, class_id, course_session_id, time_slot_template_id, date, type, status, created_at, updated_at) 
VALUES (251, 1, 5, 1, CURRENT_DATE + INTERVAL '10 days', 'class', 'planned', CURRENT_TIMESTAMP, CURRENT_TIMESTAMP)
ON CONFLICT (id) DO UPDATE SET 
    date = CURRENT_DATE + INTERVAL '10 days',
    status = 'planned',
    updated_at = CURRENT_TIMESTAMP;

-- Makeup session 252: For course_session_id = 10 (matches session 110)
INSERT INTO session (id, class_id, course_session_id, time_slot_template_id, date, type, status, created_at, updated_at) 
VALUES (252, 3, 10, 3, CURRENT_DATE + INTERVAL '8 days', 'class', 'planned', CURRENT_TIMESTAMP, CURRENT_TIMESTAMP)
ON CONFLICT (id) DO UPDATE SET 
    date = CURRENT_DATE + INTERVAL '8 days',
    status = 'planned',
    updated_at = CURRENT_TIMESTAMP;

-- Makeup session 253: Another option for course_session_id = 10
INSERT INTO session (id, class_id, course_session_id, time_slot_template_id, date, type, status, created_at, updated_at) 
VALUES (253, 1, 10, 1, CURRENT_DATE + INTERVAL '12 days', 'class', 'planned', CURRENT_TIMESTAMP, CURRENT_TIMESTAMP)
ON CONFLICT (id) DO UPDATE SET 
    date = CURRENT_DATE + INTERVAL '12 days',
    status = 'planned',
    updated_at = CURRENT_TIMESTAMP;

-- Step 3: Assign resources to makeup sessions
INSERT INTO session_resource (session_id, resource_id)
VALUES 
    (250, 2),  -- Room 102 for F3
    (251, 1),  -- Room 101 for F1
    (252, 2),  -- Room 102 for F3
    (253, 1)   -- Room 101 for F1
ON CONFLICT (session_id, resource_id) DO NOTHING;

-- Step 4: Assign teachers to makeup sessions
INSERT INTO teaching_slot (session_id, teacher_id, status)
VALUES 
    (250, 1, 'scheduled'),  -- Teacher 1
    (251, 1, 'scheduled'),  -- Teacher 1
    (252, 1, 'scheduled'),  -- Teacher 1
    (253, 1, 'scheduled')   -- Teacher 1
ON CONFLICT (session_id, teacher_id) DO NOTHING;

-- Step 5: Update session sequence
SELECT setval('session_id_seq', GREATEST(253, (SELECT MAX(id) FROM session)), true);
